Timestamp (UTC),co,no2,o3,pm10,pm25,so2
2024-01-01T08:00:00Z,1282.32,40.26,19.06,111.75,88.1,18.13
2024-01-01T08:15:00Z,1329.17,37.38,10.57,77.23,109.45,6.23
2024-01-01T08:30:00Z,1245.99,6.63,10.98,144.81,20.0,13.92
2024-01-01T08:45:00Z,1613.16,29.97,8.79,115.8,79.8,0.0
2024-01-01T09:00:00Z,1060.81,32.63,5.3,87.83,55.97,12.73
2024-01-01T09:15:00Z,932.43,34.84,28.87,165.06,55.54,23.3
2024-01-01T09:30:00Z,1333.7,53.26,4.59,30.0,46.22,9.69
2024-01-01T09:45:00Z,1710.25,34.38,0.0,53.59,20.0,7.84
2024-01-01T10:00:00Z,752.98,28.05,0.0,161.44,32.94,12.87
2024-01-01T10:15:00Z,1200.5,39.04,22.82,30.0,56.3,10.41
2024-01-01T10:30:00Z,1469.14,34.56,5.29,149.65,60.36,13.31
2024-01-01T10:45:00Z,1069.61,55.64,24.14,144.14,93.43,13.08
2024-01-01T11:00:00Z,1297.72,21.71,20.24,104.03,49.34,3.68
2024-01-01T11:15:00Z,1391.56,24.95,5.02,160.91,70.59,2.27
2024-01-01T11:30:00Z,991.03,22.21,17.39,96.71,83.7,11.39
2024-01-01T11:45:00Z,1021.08,10.74,16.72,30.0,20.0,0.0
2024-01-01T12:00:00Z,1475.32,27.46,0.02,128.78,59.26,24.89
2024-01-01T12:15:00Z,1574.03,22.56,26.78,214.61,41.36,19.82
2024-01-01T12:30:00Z,1293.36,26.64,24.42,212.59,36.13,6.79
2024-01-01T12:45:00Z,1283.17,30.76,29.4,70.85,36.12,12.33
2024-01-01T13:00:00Z,1478.68,28.84,0.0,118.56,31.88,0.0
2024-01-01T13:15:00Z,1228.19,33.65,1.37,137.27,51.19,26.27
2024-01-01T13:30:00Z,1079.68,38.96,30.17,224.35,53.1,0.0
2024-01-01T13:45:00Z,1161.3,13.94,14.17,55.95,56.04,11.55
2024-01-01T14:00:00Z,1221.32,26.59,15.08,128.35,47.28,13.91
2024-01-01T14:15:00Z,1469.24,51.42,14.37,126.09,20.0,9.39
2024-01-01T14:30:00Z,927.23,11.12,7.56,190.7,47.49,10.27
2024-01-01T14:45:00Z,1092.19,2.95,16.88,156.45,27.77,10.18
2024-01-01T15:00:00Z,1282.7,24.15,9.99,69.54,20.0,8.02
2024-01-01T15:15:00Z,1104.4,49.15,45.09,185.65,89.11,12.72
2024-01-01T15:30:00Z,1186.2,31.59,4.21,75.65,30.11,10.79
2024-01-01T15:45:00Z,1247.99,25.34,7.97,112.73,35.71,0.0
2024-01-01T16:00:00Z,1511.94,21.91,1.11,46.04,81.56,3.39
2024-01-01T16:15:00Z,1448.26,45.64,25.7,67.86,37.48,17.36
2024-01-01T16:30:00Z,1536.77,30.01,29.75,43.63,54.72,6.31
2024-01-01T16:45:00Z,1517.44,0.0,8.61,188.68,91.25,11.49
2024-01-01T17:00:00Z,1022.17,30.2,22.03,118.7,48.43,9.68
2024-01-01T17:15:00Z,1285.84,27.14,29.87,98.0,71.3,10.96
2024-01-01T17:30:00Z,992.31,25.88,8.88,161.93,81.49,8.83
2024-01-01T17:45:00Z,1088.66,24.65,16.08,65.28,66.3,5.8
2024-01-01T18:00:00Z,1466.86,23.88,10.27,157.32,42.93,5.67
2024-01-01T18:15:00Z,1151.82,41.97,0.0,125.87,45.96,9.69
2024-01-01T18:30:00Z,1297.71,11.35,3.65,170.19,46.01,18.24
2024-01-01T18:45:00Z,1152.18,43.93,16.69,122.87,72.3,17.41
2024-01-01T19:00:00Z,1452.99,39.38,15.84,30.0,20.0,7.2
2024-01-01T19:15:00Z,1190.92,42.53,6.34,129.2,33.09,7.95
2024-01-01T19:30:00Z,1392.33,13.48,25.88,51.35,30.37,18.77
2024-01-01T19:45:00Z,1478.43,39.56,23.66,143.55,33.2,1.16
2024-01-01T20:00:00Z,1512.28,39.13,20.4,40.11,44.53,11.92
2024-01-01T20:15:00Z,1311.25,25.72,6.53,46.53,47.87,3.71
2024-01-01T20:30:00Z,1320.51,26.32,9.83,99.19,82.03,14.38
2024-01-01T20:45:00Z,793.9,19.28,25.33,133.13,46.29,25.44
2024-01-01T21:00:00Z,1201.57,36.93,16.91,110.75,55.67,15.91
2024-01-01T21:15:00Z,1734.85,50.55,14.99,83.96,66.46,19.92
2024-01-01T21:30:00Z,1666.82,15.57,16.68,80.62,59.01,0.0
2024-01-01T21:45:00Z,1336.28,73.94,2.1,73.36,70.11,6.71
2024-01-01T22:00:00Z,1070.58,44.74,17.53,70.84,82.0,0.0
2024-01-01T22:15:00Z,1450.15,54.12,5.77,100.36,74.72,17.75
2024-01-01T22:30:00Z,1534.41,28.8,9.54,79.15,46.2,8.44
2024-01-01T22:45:00Z,1508.16,22.69,29.85,143.74,29.26,15.14
2024-01-01T23:00:00Z,1382.85,45.85,8.37,118.03,27.33,8.53
2024-01-01T23:15:00Z,1386.11,28.24,17.4,30.0,62.49,14.9
2024-01-01T23:30:00Z,1445.65,12.64,9.52,132.61,20.0,0.0
2024-01-01T23:45:00Z,1261.92,43.93,13.03,121.22,54.68,0.46
2024-01-02T00:00:00Z,1258.26,14.0,7.09,127.83,29.52,6.29
2024-01-02T00:15:00Z,941.86,34.68,31.87,192.69,55.2,14.24
2024-01-02T00:30:00Z,1241.88,36.76,5.14,208.32,45.91,23.05
2024-01-02T00:45:00Z,1591.31,24.77,5.89,190.68,49.71,9.21
2024-01-02T01:00:00Z,1076.9,30.22,16.7,116.85,72.76,11.06
2024-01-02T01:15:00Z,1292.54,44.42,9.92,227.28,20.0,0.0
2024-01-02T01:30:00Z,1124.23,22.88,2.32,101.35,33.28,1.51
2024-01-02T01:45:00Z,1337.06,14.4,18.37,119.81,20.0,7.15
2024-01-02T02:00:00Z,1380.16,18.59,7.91,48.89,49.89,0.0
2024-01-02T02:15:00Z,1651.83,50.41,11.03,150.87,20.0,8.38
2024-01-02T02:30:00Z,764.39,31.16,17.72,131.87,86.74,25.25
2024-01-02T02:45:00Z,1511.54,13.46,10.73,92.21,88.18,0.0
2024-01-02T03:00:00Z,1260.62,21.43,19.71,77.06,36.18,0.76
2024-01-02T03:15:00Z,1271.4,11.02,8.88,57.85,42.86,15.4
2024-01-02T03:30:00Z,1219.94,45.84,15.18,88.15,20.0,22.78
2024-01-02T03:45:00Z,1148.59,55.51,9.54,74.13,32.71,16.24
2024-01-02T04:00:00Z,1078.71,17.26,0.0,156.91,96.08,0.0
2024-01-02T04:15:00Z,1597.03,19.85,31.73,124.12,62.12,2.62
2024-01-02T04:30:00Z,1022.31,62.21,19.97,122.62,56.18,21.09
2024-01-02T04:45:00Z,1266.76,6.49,18.89,63.16,69.53,3.59
2024-01-02T05:00:00Z,1105.72,16.98,5.44,180.28,20.0,0.0
2024-01-02T05:15:00Z,1562.97,50.07,13.77,98.84,75.84,17.23
2024-01-02T05:30:00Z,1149.61,56.71,8.6,105.27,72.74,3.32
2024-01-02T05:45:00Z,1558.01,30.29,27.47,164.97,68.68,31.98
2024-01-02T06:00:00Z,1441.9,54.23,36.78,162.99,27.23,0.0
2024-01-02T06:15:00Z,1193.74,25.91,0.0,56.11,92.07,12.58
2024-01-02T06:30:00Z,1353.93,10.08,5.7,144.89,25.46,13.17
2024-01-02T06:45:00Z,1443.54,19.81,15.89,53.67,33.02,14.58
2024-01-02T07:00:00Z,1085.72,29.96,8.68,43.74,66.79,3.05
2024-01-02T07:15:00Z,1467.29,9.85,30.7,139.61,76.56,25.05
2024-01-02T07:30:00Z,1107.91,15.54,11.41,80.0,89.14,16.84
2024-01-02T07:45:00Z,1542.1,32.8,8.2,51.45,20.0,13.49
2024-01-02T08:00:00Z,1231.3,43.39,10.55,118.53,74.78,0.98
2024-01-02T08:15:00Z,1204.64,28.75,10.38,153.22,61.11,10.34
2024-01-02T08:30:00Z,1319.03,25.74,0.0,84.83,77.98,4.12
2024-01-02T08:45:00Z,1318.23,10.71,6.91,174.57,83.2,4.73
2024-01-02T09:00:00Z,1351.24,9.63,18.5,218.47,68.7,4.93
2024-01-02T09:15:00Z,934.66,15.38,25.07,290.4,91.91,22.9
2024-01-02T09:30:00Z,1295.82,50.38,21.78,30.0,35.92,22.87
2024-01-02T09:45:00Z,1293.82,45.68,20.92,84.91,59.83,3.76
2024-01-02T10:00:00Z,1175.01,40.64,9.37,61.45,20.0,0.0
2024-01-02T10:15:00Z,1249.14,5.46,17.67,30.0,51.86,5.91
2024-01-02T10:30:00Z,1335.95,51.3,16.32,124.7,30.93,9.51
2024-01-02T10:45:00Z,1327.85,21.18,9.57,170.26,20.0,4.49
2024-01-02T11:00:00Z,1189.44,9.79,6.06,128.52,70.44,8.92
2024-01-02T11:15:00Z,1329.34,57.48,19.29,30.0,83.24,11.55
2024-01-02T11:30:00Z,1371.47,40.0,17.1,107.2,58.52,7.75
2024-01-02T11:45:00Z,1129.77,28.99,8.12,82.15,56.25,5.98
2024-01-02T12:00:00Z,1421.68,0.0,28.63,126.71,55.26,17.62
2024-01-02T12:15:00Z,1375.82,51.42,26.36,52.06,49.07,16.17
2024-01-02T12:30:00Z,872.18,26.05,31.78,34.93,36.39,4.7
2024-01-02T12:45:00Z,1392.61,14.41,18.7,55.46,69.92,19.35
2024-01-02T13:00:00Z,992.82,13.23,1.06,162.92,25.47,6.52
2024-01-02T13:15:00Z,1538.14,20.19,0.0,183.61,31.72,22.94
2024-01-02T13:30:00Z,1357.75,31.72,12.73,220.87,43.92,4.49
2024-01-02T13:45:00Z,1537.25,23.79,28.19,171.81,87.51,7.83
2024-01-02T14:00:00Z,1142.73,31.17,5.48,110.06,66.36,4.14
2024-01-02T14:15:00Z,1485.05,37.67,30.21,85.06,75.97,19.9
2024-01-02T14:30:00Z,1193.13,18.25,29.29,79.36,72.06,0.0
2024-01-02T14:45:00Z,1498.98,38.99,3.94,134.32,20.0,1.07
2024-01-02T15:00:00Z,1545.28,49.15,10.95,101.83,38.99,25.64
2024-01-02T15:15:00Z,1596.46,52.67,20.74,120.76,20.0,3.66
2024-01-02T15:30:00Z,1325.54,23.15,18.41,118.29,81.91,12.48
2024-01-02T15:45:00Z,1378.27,34.71,0.0,156.43,48.91,26.1
2024-01-02T16:00:00Z,1502.03,0.0,6.64,170.34,32.79,18.72
2024-01-02T16:15:00Z,1412.23,55.84,22.48,121.05,59.71,15.79
2024-01-02T16:30:00Z,1226.09,23.69,14.32,195.27,64.93,3.72
2024-01-02T16:45:00Z,1035.11,54.14,17.94,150.55,53.44,4.5
2024-01-02T17:00:00Z,941.67,23.17,22.82,78.05,75.05,12.72
2024-01-02T17:15:00Z,1574.18,24.47,6.49,177.12,29.15,3.84
2024-01-02T17:30:00Z,1231.31,30.03,5.47,43.55,30.01,11.59
2024-01-02T17:45:00Z,1601.66,9.43,14.86,147.36,23.66,0.77
2024-01-02T18:00:00Z,1292.96,19.41,27.83,131.68,54.08,10.35
2024-01-02T18:15:00Z,1272.19,31.12,18.62,62.32,92.51,17.02
2024-01-02T18:30:00Z,1255.03,25.57,11.18,81.65,35.19,11.11
2024-01-02T18:45:00Z,1190.76,0.84,26.39,166.52,32.26,0.0
2024-01-02T19:00:00Z,1533.42,15.5,5.22,96.6,45.16,4.36
2024-01-02T19:15:00Z,1107.92,0.18,19.11,136.74,44.33,2.82
2024-01-02T19:30:00Z,1028.37,16.59,15.35,59.74,63.24,16.27
2024-01-02T19:45:00Z,1014.16,25.54,18.19,108.27,60.71,4.86
2024-01-02T20:00:00Z,756.66,8.05,7.03,30.9,62.57,0.0
2024-01-02T20:15:00Z,1850.32,23.29,17.02,147.14,49.1,10.22
2024-01-02T20:30:00Z,1119.56,37.34,9.22,133.17,20.0,0.0
2024-01-02T20:45:00Z,1510.98,29.56,18.01,99.98,38.83,10.49
2024-01-02T21:00:00Z,996.16,13.24,26.74,49.08,59.24,4.9
2024-01-02T21:15:00Z,1512.69,41.78,12.83,126.64,34.66,6.37
2024-01-02T21:30:00Z,1443.73,8.4,20.61,195.99,90.44,21.81
2024-01-02T21:45:00Z,1261.26,19.1,15.52,83.03,26.8,20.17
2024-01-02T22:00:00Z,1393.8,7.25,21.78,141.59,59.62,5.95
2024-01-02T22:15:00Z,1459.79,18.44,16.83,105.88,43.29,19.14
2024-01-02T22:30:00Z,1021.7,8.71,5.8,81.43,45.98,3.63
2024-01-02T22:45:00Z,1449.92,21.82,19.07,85.6,60.63,15.1
2024-01-02T23:00:00Z,1378.02,38.56,28.58,45.29,74.0,20.1
2024-01-02T23:15:00Z,1382.19,35.43,31.97,171.44,25.33,2.9
2024-01-02T23:30:00Z,1537.24,13.36,7.73,148.21,44.91,7.3
2024-01-02T23:45:00Z,1540.0,25.3,18.04,30.0,28.52,0.0
2024-01-03T00:00:00Z,1144.12,17.43,25.33,35.36,20.0,25.03
2024-01-03T00:15:00Z,1323.91,26.89,11.74,64.02,39.01,18.4
2024-01-03T00:30:00Z,1203.86,19.98,17.95,73.31,43.84,1.03
2024-01-03T00:45:00Z,1154.31,26.79,25.55,64.45,61.21,2.22
2024-01-03T01:00:00Z,1594.36,37.11,19.36,30.0,20.0,21.07
2024-01-03T01:15:00Z,1305.6,12.58,12.03,103.06,117.81,25.29
2024-01-03T01:30:00Z,1331.43,31.29,4.13,65.47,54.07,8.1
2024-01-03T01:45:00Z,1731.56,32.09,16.21,168.54,65.05,9.4
2024-01-03T02:00:00Z,1457.32,42.21,23.78,131.86,67.34,11.86
2024-01-03T02:15:00Z,1397.68,26.78,21.71,106.66,76.96,7.22
2024-01-03T02:30:00Z,1238.01,13.65,15.39,70.56,27.07,10.26
2024-01-03T02:45:00Z,1260.47,48.44,12.52,36.33,58.79,10.6
2024-01-03T03:00:00Z,1374.75,28.77,14.33,81.91,62.54,3.34
2024-01-03T03:15:00Z,1238.76,42.47,16.87,191.45,70.94,19.09
2024-01-03T03:30:00Z,1379.11,31.19,12.43,87.96,86.01,0.0
2024-01-03T03:45:00Z,1356.7,12.28,9.97,168.49,20.0,19.89
2024-01-03T04:00:00Z,1452.16,27.01,27.66,31.45,48.69,4.87
2024-01-03T04:15:00Z,1403.38,29.39,20.86,123.61,39.56,0.0
2024-01-03T04:30:00Z,1334.79,41.69,31.62,136.41,28.14,0.0
2024-01-03T04:45:00Z,1062.56,40.42,5.03,150.42,56.76,0.0
2024-01-03T05:00:00Z,876.65,27.99,1.75,158.39,43.41,0.0
2024-01-03T05:15:00Z,1528.25,13.68,24.77,183.94,64.83,11.39
2024-01-03T05:30:00Z,1203.62,30.84,9.99,178.02,49.58,16.66
2024-01-03T05:45:00Z,1278.21,60.5,20.22,60.69,21.16,4.18
2024-01-03T06:00:00Z,1260.62,12.06,19.33,158.17,92.3,9.77
2024-01-03T06:15:00Z,1010.98,42.68,23.24,163.83,45.88,16.63
2024-01-03T06:30:00Z,1187.64,38.18,10.24,166.87,20.0,11.4
2024-01-03T06:45:00Z,1134.26,6.07,0.0,146.56,20.0,6.92
2024-01-03T07:00:00Z,1079.02,36.41,38.46,62.2,78.44,4.33
2024-01-03T07:15:00Z,1338.49,57.98,3.17,148.24,43.06,0.06
2024-01-03T07:30:00Z,1274.53,38.07,19.93,55.36,67.36,10.39
2024-01-03T07:45:00Z,1311.53,38.57,25.58,115.89,68.4,10.36
2024-01-03T08:00:00Z,1537.2,31.55,20.38,127.17,30.67,10.84
2024-01-03T08:15:00Z,1486.63,49.2,17.72,98.81,78.41,4.46
2024-01-03T08:30:00Z,1376.0,13.5,21.1,171.35,48.92,1.35
2024-01-03T08:45:00Z,1574.56,32.13,32.04,95.83,45.41,14.4
2024-01-03T09:00:00Z,1584.67,27.44,11.87,63.75,87.98,19.3
2024-01-03T09:15:00Z,1156.53,32.29,32.64,176.89,45.34,31.3
2024-01-03T09:30:00Z,1303.69,1.27,28.6,157.56,43.91,13.5
2024-01-03T09:45:00Z,1029.46,30.46,0.0,129.37,46.41,10.54
2024-01-03T10:00:00Z,1331.24,36.73,21.78,135.58,82.69,8.32
2024-01-03T10:15:00Z,1394.67,54.42,3.31,133.78,48.51,5.94
2024-01-03T10:30:00Z,1037.44,40.93,26.02,154.89,20.0,12.14
2024-01-03T10:45:00Z,1226.11,28.21,20.28,199.42,35.97,24.99
2024-01-03T11:00:00Z,1334.86,8.36,36.18,42.76,20.0,11.77
2024-01-03T11:15:00Z,1069.08,25.74,14.27,92.86,69.43,14.6
2024-01-03T11:30:00Z,1337.53,42.95,37.91,97.89,49.57,1.13
2024-01-03T11:45:00Z,1358.8,18.69,9.75,108.06,54.58,1.67
2024-01-03T12:00:00Z,1355.9,12.37,10.56,146.02,89.14,12.99
2024-01-03T12:15:00Z,1002.53,30.41,10.45,141.73,34.21,0.26
2024-01-03T12:30:00Z,1505.85,10.95,8.06,74.29,20.0,18.18
2024-01-03T12:45:00Z,1516.56,12.21,6.91,91.93,66.91,19.83
2024-01-03T13:00:00Z,1329.45,33.61,31.55,49.74,42.21,6.83
2024-01-03T13:15:00Z,1106.66,53.72,3.79,75.09,86.64,15.07
2024-01-03T13:30:00Z,1527.86,13.92,12.46,157.35,20.0,0.0
2024-01-03T13:45:00Z,1276.15,42.89,5.93,69.09,23.67,3.76
2024-01-03T14:00:00Z,1639.01,27.92,18.49,280.71,30.45,0.0
2024-01-03T14:15:00Z,1405.43,32.09,21.67,149.3,50.07,4.94
2024-01-03T14:30:00Z,1414.68,37.54,1.29,114.99,43.64,9.52
2024-01-03T14:45:00Z,1314.13,19.01,9.69,30.0,46.76,19.39
2024-01-03T15:00:00Z,1259.46,4.34,5.76,108.8,36.23,11.71
2024-01-03T15:15:00Z,1196.44,45.88,10.83,65.87,78.1,0.0
2024-01-03T15:30:00Z,1156.86,27.49,28.28,138.39,59.71,13.86
2024-01-03T15:45:00Z,1198.52,44.83,19.02,126.17,49.41,16.23
2024-01-03T16:00:00Z,1207.39,12.46,0.0,139.18,29.71,4.6
2024-01-03T16:15:00Z,1414.97,43.78,17.29,100.75,54.6,7.82
2024-01-03T16:30:00Z,1305.91,35.7,19.79,127.25,74.16,12.27
2024-01-03T16:45:00Z,1229.46,30.84,14.07,138.32,88.66,6.27
2024-01-03T17:00:00Z,1660.78,16.91,19.87,99.32,68.2,7.3
2024-01-03T17:15:00Z,1295.75,2.4,11.62,30.0,60.38,8.46
2024-01-03T17:30:00Z,1125.61,9.97,40.58,131.25,61.38,5.85
2024-01-03T17:45:00Z,1496.73,20.77,9.29,102.12,23.36,12.71
2024-01-03T18:00:00Z,1525.71,9.61,12.08,123.16,20.0,15.71
2024-01-03T18:15:00Z,1267.33,22.1,13.32,111.14,23.1,11.08
2024-01-03T18:30:00Z,1620.69,22.85,12.85,96.46,79.39,9.58
2024-01-03T18:45:00Z,1065.58,24.74,10.94,160.76,20.0,17.16
2024-01-03T19:00:00Z,987.71,37.56,24.15,36.0,71.84,20.7
2024-01-03T19:15:00Z,1406.78,31.58,18.22,108.69,68.64,0.0
2024-01-03T19:30:00Z,1383.69,4.56,24.02,95.74,44.98,2.65
2024-01-03T19:45:00Z,1378.6,46.9,15.96,124.99,38.93,9.58
2024-01-03T20:00:00Z,970.7,35.11,22.48,79.42,65.52,12.24
2024-01-03T20:15:00Z,1425.25,49.28,19.72,77.1,20.0,37.95
2024-01-03T20:30:00Z,1842.04,30.95,25.93,74.61,46.18,10.76
2024-01-03T20:45:00Z,1330.12,24.61,22.18,51.42,94.22,3.77
2024-01-03T21:00:00Z,1456.13,29.82,24.55,42.69,35.55,15.61
2024-01-03T21:15:00Z,1497.35,37.79,16.47,117.84,20.0,0.0
2024-01-03T21:30:00Z,1279.16,36.64,27.09,51.78,20.0,9.32
2024-01-03T21:45:00Z,1546.4,0.0,5.16,30.0,69.56,27.32
2024-01-03T22:00:00Z,1183.98,49.63,31.16,139.28,53.11,4.35
2024-01-03T22:15:00Z,1498.01,29.61,0.92,110.09,54.58,12.78
2024-01-03T22:30:00Z,1263.25,12.18,7.75,203.29,74.56,9.21
2024-01-03T22:45:00Z,1492.54,8.64,0.47,170.77,81.03,19.01
2024-01-03T23:00:00Z,1711.75,27.71,13.04,37.91,33.39,0.0
2024-01-03T23:15:00Z,977.3,35.64,15.65,120.51,108.32,14.63
2024-01-03T23:30:00Z,1829.35,25.59,26.03,203.85,44.85,10.95
2024-01-03T23:45:00Z,1292.0,36.77,29.35,115.32,40.81,6.94
2024-01-04T00:00:00Z,1321.6,29.22,30.43,147.06,35.35,4.29
2024-01-04T00:15:00Z,792.8,26.79,22.09,151.23,72.92,13.2
2024-01-04T00:30:00Z,1438.77,41.61,27.14,110.12,112.03,10.39
2024-01-04T00:45:00Z,1305.89,63.48,12.91,124.05,20.0,17.73
2024-01-04T01:00:00Z,1176.29,18.91,21.78,30.0,107.5,20.17
2024-01-04T01:15:00Z,1468.7,25.66,23.06,135.35,61.88,11.43
2024-01-04T01:30:00Z,1248.38,15.49,14.98,145.64,72.4,0.0
2024-01-04T01:45:00Z,925.73,18.33,19.29,37.66,73.77,0.0
2024-01-04T02:00:00Z,960.24,21.25,0.0,118.55,77.45,1.46
2024-01-04T02:15:00Z,1492.45,8.77,15.66,104.55,20.0,2.07
2024-01-04T02:30:00Z,1012.6,42.91,19.22,99.27,56.45,7.27
2024-01-04T02:45:00Z,1131.27,30.58,15.89,118.72,109.08,3.36
2024-01-04T03:00:00Z,1560.48,31.22,3.0,212.55,91.83,0.0
2024-01-04T03:15:00Z,1319.66,27.43,32.81,111.39,69.94,12.34
2024-01-04T03:30:00Z,1265.25,24.98,15.15,128.27,22.62,6.04
2024-01-04T03:45:00Z,1141.41,39.95,18.9,260.51,53.0,19.72
2024-01-04T04:00:00Z,1392.93,25.01,36.7,35.73,49.97,7.73
2024-01-04T04:15:00Z,1199.01,19.89,0.67,170.32,77.78,3.95
2024-01-04T04:30:00Z,1367.15,23.42,1.22,154.38,129.71,8.71
2024-01-04T04:45:00Z,1155.01,36.17,18.55,47.83,20.0,2.18
2024-01-04T05:00:00Z,678.21,28.77,9.06,109.37,30.26,24.19
2024-01-04T05:15:00Z,1380.91,24.33,20.59,140.95,87.85,12.53
2024-01-04T05:30:00Z,1445.56,18.41,11.32,198.02,56.19,21.78
2024-01-04T05:45:00Z,1137.53,21.94,36.85,135.52,20.0,10.48
2024-01-04T06:00:00Z,1282.74,41.34,18.63,213.39,72.64,8.35
2024-01-04T06:15:00Z,1338.99,23.42,0.0,52.76,87.57,1.71
2024-01-04T06:30:00Z,826.37,22.02,35.48,184.66,83.84,0.0
2024-01-04T06:45:00Z,1175.46,8.64,17.15,108.27,54.2,11.57
2024-01-04T07:00:00Z,1206.53,11.31,25.22,177.33,37.91,11.32
2024-01-04T07:15:00Z,1361.74,29.02,17.96,81.39,95.78,22.57
2024-01-04T07:30:00Z,1654.72,49.87,28.13,84.97,75.67,16.11
2024-01-04T07:45:00Z,1065.43,19.23,30.32,90.52,68.53,6.66
2024-01-04T08:00:00Z,861.98,10.32,9.32,76.53,45.46,19.17
2024-01-04T08:15:00Z,1123.67,58.06,13.26,141.96,71.31,2.87
2024-01-04T08:30:00Z,1231.42,61.76,5.53,136.63,20.0,9.26
2024-01-04T08:45:00Z,1506.77,40.9,13.48,135.73,82.37,0.0
2024-01-04T09:00:00Z,1344.13,45.19,14.4,181.5,64.68,12.32
2024-01-04T09:15:00Z,1343.59,23.56,19.78,70.81,30.3,15.85
2024-01-04T09:30:00Z,1576.94,17.01,15.56,48.5,61.39,12.36
2024-01-04T09:45:00Z,1163.51,26.47,21.52,98.69,45.85,28.99
2024-01-04T10:00:00Z,1147.25,47.87,0.52,225.68,20.0,12.77
2024-01-04T10:15:00Z,1150.11,31.8,26.53,137.8,41.42,0.85
2024-01-04T10:30:00Z,1174.88,50.22,6.88,126.64,42.82,0.0
2024-01-04T10:45:00Z,1281.43,13.44,26.67,116.14,90.97,9.38
2024-01-04T11:00:00Z,1325.35,48.86,23.4,192.43,20.0,12.42
2024-01-04T11:15:00Z,1290.97,46.47,4.99,53.3,29.69,21.95
2024-01-04T11:30:00Z,1420.04,15.66,24.86,31.11,30.73,0.0
2024-01-04T11:45:00Z,1330.88,27.59,10.72,80.6,63.65,9.13
2024-01-04T12:00:00Z,1499.98,35.07,25.22,188.1,44.37,21.39
2024-01-04T12:15:00Z,1379.89,32.86,32.11,105.21,82.59,0.0
2024-01-04T12:30:00Z,1423.36,48.11,6.88,130.38,61.74,21.41
2024-01-04T12:45:00Z,984.73,6.62,3.84,81.58,20.03,0.0
2024-01-04T13:00:00Z,1362.24,30.76,7.83,118.86,68.34,18.69
2024-01-04T13:15:00Z,1391.07,23.62,25.29,118.19,70.84,12.54
2024-01-04T13:30:00Z,1421.88,29.94,0.0,85.27,47.49,7.03
2024-01-04T13:45:00Z,1313.77,72.12,5.49,125.08,43.51,20.85
2024-01-04T14:00:00Z,1269.21,15.19,23.44,103.56,67.14,0.0
2024-01-04T14:15:00Z,1184.91,45.63,32.11,110.9,48.69,6.23
2024-01-04T14:30:00Z,1493.06,31.37,12.98,209.32,102.19,0.0
2024-01-04T14:45:00Z,1627.34,12.77,14.87,97.67,33.14,2.53
2024-01-04T15:00:00Z,1349.45,39.74,20.06,114.14,20.0,10.79
2024-01-04T15:15:00Z,1317.74,31.39,16.74,143.04,57.47,9.12
2024-01-04T15:30:00Z,939.3,25.26,28.22,123.36,73.0,13.63
2024-01-04T15:45:00Z,1752.53,11.35,17.72,48.03,48.25,17.77
2024-01-04T16:00:00Z,867.44,42.27,1.68,138.44,20.0,13.41
2024-01-04T16:15:00Z,1359.87,22.63,2.9,73.84,22.23,3.3
2024-01-04T16:30:00Z,1490.04,22.89,20.55,94.56,80.19,15.85
2024-01-04T16:45:00Z,1365.99,19.17,20.61,101.58,54.23,2.4
2024-01-04T17:00:00Z,1377.94,34.98,30.19,179.12,20.0,6.09
2024-01-04T17:15:00Z,1370.29,2.91,12.83,30.0,44.2,24.4
2024-01-04T17:30:00Z,1612.8,49.31,13.6,92.26,80.51,15.88
2024-01-04T17:45:00Z,1659.59,29.08,21.37,127.63,49.52,2.03
2024-01-04T18:00:00Z,1198.47,37.94,8.78,91.8,63.77,24.8
2024-01-04T18:15:00Z,1093.88,0.0,11.53,30.0,49.23,12.71
2024-01-04T18:30:00Z,1384.65,52.02,5.88,101.16,85.83,6.92
2024-01-04T18:45:00Z,1223.33,45.5,12.21,62.23,66.7,12.09
2024-01-04T19:00:00Z,1233.46,28.19,0.0,80.58,59.67,13.72
2024-01-04T19:15:00Z,1557.54,51.64,14.42,43.22,20.1,5.54
2024-01-04T19:30:00Z,1673.06,26.84,23.73,30.0,20.0,2.78
2024-01-04T19:45:00Z,1358.4,20.46,21.15,124.51,45.89,12.79
2024-01-04T20:00:00Z,1406.41,16.37,20.93,95.08,22.44,9.17
2024-01-04T20:15:00Z,1432.43,5.12,13.79,80.62,63.04,6.95
2024-01-04T20:30:00Z,1010.6,21.96,10.6,110.7,20.0,0.0
2024-01-04T20:45:00Z,1034.82,44.83,26.06,77.86,55.51,8.66
2024-01-04T21:00:00Z,1130.44,61.65,6.48,181.45,36.97,12.99
2024-01-04T21:15:00Z,1462.36,39.78,17.03,92.47,22.86,0.0
2024-01-04T21:30:00Z,1136.22,36.03,11.88,122.16,20.0,17.36
2024-01-04T21:45:00Z,1216.43,18.19,10.39,106.48,43.05,11.97
2024-01-04T22:00:00Z,1456.89,17.67,15.0,201.07,33.67,1.93
2024-01-04T22:15:00Z,1308.67,17.72,15.27,163.47,59.9,9.92
2024-01-04T22:30:00Z,1479.98,48.94,24.79,171.49,71.33,32.15
2024-01-04T22:45:00Z,1702.23,41.99,7.98,130.86,32.59,16.89
2024-01-04T23:00:00Z,1571.83,38.45,7.1,97.76,52.68,11.93
2024-01-04T23:15:00Z,1476.95,48.28,15.18,63.69,85.7,9.11
2024-01-04T23:30:00Z,1323.65,47.3,45.67,200.76,63.67,10.46
2024-01-04T23:45:00Z,1228.26,49.49,11.99,113.53,25.62,16.56
2024-01-05T00:00:00Z,1170.97,14.88,15.61,66.53,36.93,2.8
2024-01-05T00:15:00Z,1361.02,39.81,0.0,48.79,29.81,15.8
2024-01-05T00:30:00Z,1266.71,42.53,39.13,172.94,40.86,4.71
2024-01-05T00:45:00Z,1198.71,40.06,0.0,66.99,87.19,13.76
2024-01-05T01:00:00Z,1235.89,60.56,16.56,200.21,77.52,0.0
2024-01-05T01:15:00Z,1553.71,47.97,21.77,109.95,20.0,14.47
2024-01-05T01:30:00Z,1501.11,22.83,20.69,171.28,72.26,19.73
2024-01-05T01:45:00Z,1247.62,42.04,32.18,59.66,46.59,1.57
2024-01-05T02:00:00Z,967.13,34.2,28.57,165.05,48.17,2.59
2024-01-05T02:15:00Z,1361.6,49.9,0.0,113.54,53.63,20.48
2024-01-05T02:30:00Z,1114.37,26.37,18.36,172.22,60.35,9.52
2024-01-05T02:45:00Z,1224.84,25.59,22.56,146.84,45.42,16.15
2024-01-05T03:00:00Z,1339.97,27.68,9.65,157.79,72.18,32.38
2024-01-05T03:15:00Z,1377.58,30.39,19.78,30.0,25.0,0.0
2024-01-05T03:30:00Z,1228.33,20.75,10.71,65.36,100.42,12.55
2024-01-05T03:45:00Z,1415.27,40.24,1.53,87.1,74.56,8.53
2024-01-05T04:00:00Z,1614.78,38.54,14.96,93.79,60.96,8.8
2024-01-05T04:15:00Z,1365.2,0.0,3.38,111.76,20.0,0.0
2024-01-05T04:30:00Z,1526.1,23.4,22.48,73.66,78.52,10.78
2024-01-05T04:45:00Z,1403.1,35.91,30.24,61.26,59.36,6.7
2024-01-05T05:00:00Z,1459.33,14.47,27.59,97.97,20.0,2.45
2024-01-05T05:15:00Z,1355.51,38.39,17.15,82.96,39.31,3.61
2024-01-05T05:30:00Z,1460.05,21.21,16.15,108.88,76.62,15.43
2024-01-05T05:45:00Z,1460.77,33.22,21.86,30.0,88.88,12.92
2024-01-05T06:00:00Z,1175.65,37.97,26.84,167.3,49.19,18.08
2024-01-05T06:15:00Z,1116.2,17.79,20.27,33.0,49.63,0.0
2024-01-05T06:30:00Z,1221.53,24.46,0.0,130.33,64.59,10.38
2024-01-05T06:45:00Z,989.41,26.65,6.08,161.37,93.05,12.64
2024-01-05T07:00:00Z,968.29,40.63,14.6,168.85,84.04,12.18
2024-01-05T07:15:00Z,1501.25,27.8,8.62,138.99,45.14,0.7
2024-01-05T07:30:00Z,1055.0,45.18,14.35,72.4,81.68,32.4
2024-01-05T07:45:00Z,1594.52,33.76,14.82,128.51,53.7,5.34
2024-01-05T08:00:00Z,1345.3,22.13,10.87,55.55,71.36,8.69
2024-01-05T08:15:00Z,1620.24,61.18,4.1,41.76,81.34,20.92
2024-01-05T08:30:00Z,1614.62,34.02,12.37,33.01,86.64,15.58
2024-01-05T08:45:00Z,1378.56,43.29,12.54,127.63,54.98,3.53
2024-01-05T09:00:00Z,1379.82,60.79,12.17,207.65,51.1,22.63
2024-01-05T09:15:00Z,1588.63,7.29,19.43,104.04,123.52,17.98
2024-01-05T09:30:00Z,1199.11,13.49,16.42,147.07,100.34,0.0
2024-01-05T09:45:00Z,1354.82,45.95,15.93,106.19,26.52,13.82
2024-01-05T10:00:00Z,1080.43,40.26,8.15,63.79,29.43,0.0
2024-01-05T10:15:00Z,1150.27,33.43,17.14,222.03,58.44,15.25
2024-01-05T10:30:00Z,1451.37,28.68,3.02,30.0,82.14,17.37
2024-01-05T10:45:00Z,1646.7,35.32,2.8,51.76,40.66,13.97
2024-01-05T11:00:00Z,1328.22,58.99,18.95,166.31,41.61,13.76
2024-01-05T11:15:00Z,1244.64,24.11,21.16,209.62,85.07,7.39
2024-01-05T11:30:00Z,1272.23,8.89,9.8,111.08,53.08,4.1
2024-01-05T11:45:00Z,1502.98,10.46,31.4,164.2,28.61,6.81
2024-01-05T12:00:00Z,1210.83,34.79,7.43,128.41,80.29,15.02
2024-01-05T12:15:00Z,1351.76,29.5,27.87,123.48,37.36,5.17
2024-01-05T12:30:00Z,1235.37,30.49,18.11,125.7,64.53,4.51
2024-01-05T12:45:00Z,1455.79,39.65,6.46,181.81,34.92,0.69
2024-01-05T13:00:00Z,1308.69,21.21,8.96,51.19,31.09,15.65
2024-01-05T13:15:00Z,1267.25,30.43,14.37,95.58,75.1,3.26
2024-01-05T13:30:00Z,1197.78,43.55,19.03,133.03,50.28,20.73
2024-01-05T13:45:00Z,1266.38,34.42,1.68,55.66,30.52,15.63
2024-01-05T14:00:00Z,1340.16,8.55,3.1,37.84,25.09,7.13
2024-01-05T14:15:00Z,1388.59,5.72,17.27,136.29,53.72,18.11
2024-01-05T14:30:00Z,1211.68,29.46,41.67,190.09,62.72,21.07
2024-01-05T14:45:00Z,1549.9,33.89,6.64,58.23,56.19,22.3
2024-01-05T15:00:00Z,1576.83,17.38,36.45,110.94,58.28,12.38
2024-01-05T15:15:00Z,1307.36,23.65,15.33,90.04,67.11,7.98
2024-01-05T15:30:00Z,1189.98,15.14,14.44,212.04,25.08,19.78
2024-01-05T15:45:00Z,1362.0,16.94,7.02,102.27,23.06,8.07
2024-01-05T16:00:00Z,1265.18,67.47,25.13,169.77,20.0,4.51
2024-01-05T16:15:00Z,1468.54,17.33,25.41,125.89,70.42,11.98
2024-01-05T16:30:00Z,1385.72,36.16,11.79,122.29,50.56,0.82
2024-01-05T16:45:00Z,1415.06,21.45,4.94,150.47,56.75,3.23
2024-01-05T17:00:00Z,1870.19,32.4,21.87,81.79,106.8,12.38
2024-01-05T17:15:00Z,1286.03,17.17,9.17,100.5,54.25,2.1
2024-01-05T17:30:00Z,1406.11,16.87,23.18,95.79,20.0,15.28
2024-01-05T17:45:00Z,1035.19,32.32,10.65,57.7,38.85,8.54
2024-01-05T18:00:00Z,1327.03,38.0,19.22,100.43,52.19,11.01
2024-01-05T18:15:00Z,1396.49,73.24,23.5,136.7,54.0,17.69
2024-01-05T18:30:00Z,1539.11,43.04,19.67,146.68,85.25,8.28
2024-01-05T18:45:00Z,1700.92,24.94,14.43,93.72,42.43,17.05
2024-01-05T19:00:00Z,1278.44,33.42,18.58,74.03,56.62,17.85
2024-01-05T19:15:00Z,1467.05,31.8,11.65,151.93,44.75,6.22
2024-01-05T19:30:00Z,1443.23,24.9,0.08,114.95,77.34,7.76
2024-01-05T19:45:00Z,1084.03,28.56,9.06,143.15,53.7,9.12
2024-01-05T20:00:00Z,1380.41,2.98,24.41,67.54,57.46,15.3
2024-01-05T20:15:00Z,1701.58,50.46,24.06,30.0,26.35,2.92
2024-01-05T20:30:00Z,1590.08,15.3,4.62,99.02,68.17,16.42
2024-01-05T20:45:00Z,1265.44,44.28,21.33,148.54,57.05,9.93
2024-01-05T21:00:00Z,1007.3,6.56,2.08,82.82,32.44,12.38
2024-01-05T21:15:00Z,1272.95,21.33,22.41,135.08,86.72,8.22
2024-01-05T21:30:00Z,1208.09,22.43,10.91,96.88,20.0,2.53
2024-01-05T21:45:00Z,1148.66,8.97,40.1,180.22,80.1,6.7
2024-01-05T22:00:00Z,1348.85,65.47,4.72,161.41,27.73,0.32
2024-01-05T22:15:00Z,1304.73,33.01,26.18,167.79,54.78,12.72
2024-01-05T22:30:00Z,1106.89,29.38,16.03,131.67,44.4,15.57
2024-01-05T22:45:00Z,1641.65,25.05,30.96,245.61,70.71,12.22
2024-01-05T23:00:00Z,1029.95,33.54,25.88,149.34,64.27,7.55
2024-01-05T23:15:00Z,1648.37,17.65,10.42,71.91,20.0,18.74
2024-01-05T23:30:00Z,1153.62,41.78,20.12,127.74,64.18,9.68
2024-01-05T23:45:00Z,1191.12,44.23,17.85,161.52,38.37,17.49
2024-01-06T00:00:00Z,1398.6,42.99,12.41,233.3,37.96,11.16
2024-01-06T00:15:00Z,1252.87,35.28,23.67,74.58,42.96,9.86
2024-01-06T00:30:00Z,1268.22,5.31,20.01,142.14,47.58,10.85
2024-01-06T00:45:00Z,1481.53,38.52,8.22,68.99,85.54,4.97
2024-01-06T01:00:00Z,1079.1,39.49,18.56,122.44,68.39,7.7
2024-01-06T01:15:00Z,1034.38,18.55,16.12,176.32,82.89,0.24
2024-01-06T01:30:00Z,1293.44,7.38,1.13,101.22,27.02,12.8
2024-01-06T01:45:00Z,1581.46,53.31,13.54,153.38,74.56,4.04
2024-01-06T02:00:00Z,1169.44,6.18,15.01,116.79,28.82,4.52
2024-01-06T02:15:00Z,1632.8,27.1,9.84,168.05,74.18,6.11
2024-01-06T02:30:00Z,1290.92,51.26,2.14,77.47,64.31,0.0
2024-01-06T02:45:00Z,1147.1,40.84,14.91,85.16,52.09,10.32
2024-01-06T03:00:00Z,1191.36,26.21,9.15,130.31,20.0,15.23
2024-01-06T03:15:00Z,1058.52,12.12,27.75,43.38,80.09,1.91
2024-01-06T03:30:00Z,1373.58,6.12,0.0,96.78,52.91,0.0
2024-01-06T03:45:00Z,1308.63,17.67,12.15,117.44,54.19,4.28
2024-01-06T04:00:00Z,1606.0,6.0,22.62,30.0,29.55,11.01
2024-01-06T04:15:00Z,1246.32,25.69,20.68,130.44,71.2,4.85
2024-01-06T04:30:00Z,1588.12,6.08,16.35,81.63,46.89,21.08
2024-01-06T04:45:00Z,912.05,13.52,19.74,114.4,38.46,0.0
2024-01-06T05:00:00Z,1410.56,16.82,16.31,92.7,20.0,29.31
2024-01-06T05:15:00Z,1432.78,29.07,7.91,30.0,20.0,16.25
2024-01-06T05:30:00Z,1701.16,28.43,11.31,121.24,55.07,13.61
2024-01-06T05:45:00Z,1403.76,21.19,11.28,224.08,43.09,26.46
2024-01-06T06:00:00Z,1339.47,0.0,12.0,62.56,20.0,3.65
2024-01-06T06:15:00Z,1538.92,35.72,25.29,30.0,35.26,0.0
2024-01-06T06:30:00Z,1112.98,29.04,18.48,138.15,76.2,11.92
2024-01-06T06:45:00Z,1518.0,0.0,28.1,175.89,45.23,16.82
2024-01-06T07:00:00Z,987.77,33.03,11.63,167.37,83.11,15.66
2024-01-06T07:15:00Z,1158.64,26.48,28.04,225.81,74.44,4.71
2024-01-06T07:30:00Z,1209.34,41.06,20.16,66.48,56.82,15.84
2024-01-06T07:45:00Z,1191.29,25.86,6.09,127.3,28.25,0.0
2024-01-06T08:00:00Z,1332.97,49.28,26.42,55.61,32.46,17.21
2024-01-06T08:15:00Z,1210.5,37.7,21.41,38.35,56.66,14.33
2024-01-06T08:30:00Z,1261.16,54.91,13.7,38.98,76.25,17.29
2024-01-06T08:45:00Z,1464.26,26.18,15.13,102.76,47.48,1.91
2024-01-06T09:00:00Z,1194.09,22.73,3.76,30.0,55.63,28.91
2024-01-06T09:15:00Z,1162.58,46.37,18.14,206.9,30.14,10.21
2024-01-06T09:30:00Z,1211.67,25.76,13.99,115.84,60.72,24.24
2024-01-06T09:45:00Z,1536.68,19.48,14.24,127.94,36.98,1.01
2024-01-06T10:00:00Z,1437.91,39.74,11.49,140.57,37.46,17.89
2024-01-06T10:15:00Z,1168.65,38.84,4.09,140.59,64.46,4.25
2024-01-06T10:30:00Z,1058.18,64.67,10.05,38.51,20.0,25.98
2024-01-06T10:45:00Z,1071.49,41.05,3.26,155.43,45.48,3.89
2024-01-06T11:00:00Z,1105.55,1.66,5.83,170.27,27.43,12.58
2024-01-06T11:15:00Z,1318.28,0.0,20.25,108.85,76.62,25.27
2024-01-06T11:30:00Z,1188.79,27.73,20.99,114.8,37.03,12.44
2024-01-06T11:45:00Z,1528.53,31.61,12.97,140.53,20.0,9.66
2024-01-06T12:00:00Z,1301.81,11.42,9.15,125.38,44.15,9.58
2024-01-06T12:15:00Z,1426.77,19.84,14.01,64.99,49.78,24.26
2024-01-06T12:30:00Z,1090.44,36.04,10.3,99.96,46.39,10.88
2024-01-06T12:45:00Z,1332.04,19.35,19.33,141.89,24.47,9.46
2024-01-06T13:00:00Z,1551.41,11.1,0.0,51.74,96.0,12.25
2024-01-06T13:15:00Z,1379.51,39.77,13.22,162.23,53.21,22.53
2024-01-06T13:30:00Z,1116.25,0.0,2.36,171.76,20.0,5.06
2024-01-06T13:45:00Z,951.84,67.11,27.54,88.06,56.57,25.59
2024-01-06T14:00:00Z,1494.09,39.46,20.61,82.34,100.48,10.22
2024-01-06T14:15:00Z,1219.04,29.3,27.86,196.3,27.85,12.73
2024-01-06T14:30:00Z,1447.85,40.5,5.91,128.97,67.86,19.07
2024-01-06T14:45:00Z,1366.87,24.72,17.91,145.87,20.0,4.98
2024-01-06T15:00:00Z,1449.35,22.92,3.65,128.48,20.0,12.46
2024-01-06T15:15:00Z,1215.54,52.33,5.05,30.0,22.18,1.63
2024-01-06T15:30:00Z,1312.37,35.86,24.06,75.55,40.93,17.84
2024-01-06T15:45:00Z,1607.74,31.6,17.56,113.52,42.86,13.03
2024-01-06T16:00:00Z,997.65,11.79,14.88,131.84,20.0,14.0
2024-01-06T16:15:00Z,989.5,0.0,15.61,64.4,42.88,16.03
2024-01-06T16:30:00Z,1336.17,21.49,18.6,49.88,47.8,4.68
2024-01-06T16:45:00Z,1225.21,18.21,10.77,142.91,44.04,9.4
2024-01-06T17:00:00Z,1554.29,15.96,17.55,114.15,82.39,1.0
2024-01-06T17:15:00Z,1258.31,52.21,20.74,30.0,54.4,17.54
2024-01-06T17:30:00Z,1431.24,0.13,8.02,152.76,60.91,11.37
2024-01-06T17:45:00Z,1147.93,0.0,28.76,61.02,20.0,18.33
2024-01-06T18:00:00Z,1165.97,17.9,28.79,116.24,61.67,2.21
2024-01-06T18:15:00Z,1178.37,36.98,25.98,197.25,33.42,11.63
2024-01-06T18:30:00Z,1320.59,40.79,8.59,238.42,87.32,8.91
2024-01-06T18:45:00Z,1181.94,27.23,19.62,123.79,92.6,18.9
2024-01-06T19:00:00Z,1317.12,42.05,18.04,103.32,20.0,0.0
2024-01-06T19:15:00Z,1302.27,44.66,0.0,172.57,62.62,10.37
2024-01-06T19:30:00Z,1460.15,25.6,0.0,77.57,20.0,21.47
2024-01-06T19:45:00Z,1451.33,40.7,24.66,128.08,47.91,9.3
2024-01-06T20:00:00Z,1287.87,52.19,12.29,128.7,59.84,7.3
2024-01-06T20:15:00Z,1356.46,26.3,6.47,103.5,35.71,15.51
2024-01-06T20:30:00Z,1079.07,54.06,20.4,166.64,57.99,14.29
2024-01-06T20:45:00Z,1572.21,30.14,24.09,101.16,67.63,11.74
2024-01-06T21:00:00Z,1225.77,72.69,12.69,69.01,66.54,7.19
2024-01-06T21:15:00Z,882.98,24.55,19.55,72.22,50.33,9.78
2024-01-06T21:30:00Z,1364.91,21.2,4.41,95.29,35.61,2.29
2024-01-06T21:45:00Z,1484.44,30.31,0.0,42.63,33.9,19.28
2024-01-06T22:00:00Z,1183.78,35.15,15.9,117.32,80.2,9.46
2024-01-06T22:15:00Z,1712.92,36.48,23.14,171.66,28.42,6.05
2024-01-06T22:30:00Z,1448.89,40.05,10.49,222.83,60.07,5.39
2024-01-06T22:45:00Z,1156.85,17.19,6.77,83.15,20.0,5.16
2024-01-06T23:00:00Z,1185.23,37.16,2.14,126.11,52.73,15.34
2024-01-06T23:15:00Z,1481.0,31.82,23.51,149.25,37.24,15.58
2024-01-06T23:30:00Z,1208.0,31.52,10.86,61.06,85.31,1.72
2024-01-06T23:45:00Z,1323.45,17.45,25.39,101.77,75.17,5.04
2024-01-07T00:00:00Z,1332.74,26.54,23.82,188.61,31.24,10.27
2024-01-07T00:15:00Z,1213.62,25.84,12.62,128.94,47.91,12.6
2024-01-07T00:30:00Z,1172.94,26.64,1.53,105.84,106.38,14.33
2024-01-07T00:45:00Z,1374.89,11.95,31.45,102.25,39.81,18.29
2024-01-07T01:00:00Z,1519.89,6.4,11.98,71.36,20.0,21.85
2024-01-07T01:15:00Z,1438.72,52.26,9.32,64.54,20.0,13.06
2024-01-07T01:30:00Z,1541.37,7.93,4.48,141.49,96.55,12.07
2024-01-07T01:45:00Z,1473.41,13.8,14.93,111.79,45.63,8.18
2024-01-07T02:00:00Z,1290.86,31.02,15.21,162.15,76.06,15.54
2024-01-07T02:15:00Z,876.86,8.08,13.86,83.6,36.35,6.01
2024-01-07T02:30:00Z,910.08,20.97,11.47,136.78,52.7,9.97
2024-01-07T02:45:00Z,1247.45,22.97,9.51,59.38,117.35,24.83
2024-01-07T03:00:00Z,1265.6,29.92,0.0,145.62,37.82,14.79
2024-01-07T03:15:00Z,1423.74,47.61,17.19,127.52,72.33,16.48
2024-01-07T03:30:00Z,936.12,35.96,10.98,187.52,56.9,8.61
2024-01-07T03:45:00Z,1272.62,20.62,14.61,69.99,68.65,16.69
2024-01-07T04:00:00Z,873.82,0.98,12.67,215.8,65.96,22.18
2024-01-07T04:15:00Z,1239.41,43.31,11.39,30.0,20.0,16.95
2024-01-07T04:30:00Z,1257.75,34.47,17.18,139.72,20.0,8.08
2024-01-07T04:45:00Z,1256.87,28.03,25.05,117.95,33.84,15.75
2024-01-07T05:00:00Z,1228.7,44.24,9.89,144.52,61.28,10.17
2024-01-07T05:15:00Z,1319.42,14.85,14.33,47.15,88.79,26.52
2024-01-07T05:30:00Z,795.61,30.18,19.52,128.89,36.9,3.04
2024-01-07T05:45:00Z,1278.53,23.05,7.97,250.87,74.27,6.58
2024-01-07T06:00:00Z,1460.2,41.01,12.58,116.31,60.13,0.0
2024-01-07T06:15:00Z,1403.43,29.4,7.16,214.9,58.07,3.74
2024-01-07T06:30:00Z,1051.17,13.98,1.07,152.24,74.33,2.44
2024-01-07T06:45:00Z,1380.26,14.04,7.74,31.87,60.11,11.14
2024-01-07T07:00:00Z,1446.19,58.05,6.24,91.35,48.9,7.88
2024-01-07T07:15:00Z,1621.46,38.36,12.52,133.97,20.53,20.98
2024-01-07T07:30:00Z,1296.1,23.16,6.06,44.04,22.74,0.0
2024-01-07T07:45:00Z,1288.45,58.11,22.75,130.76,20.0,0.4
2024-01-07T08:00:00Z,1253.8,30.17,16.17,128.42,53.71,19.25
2024-01-07T08:15:00Z,1332.41,50.0,5.71,42.48,22.73,7.13
2024-01-07T08:30:00Z,1180.91,42.22,3.89,85.72,85.05,21.09
2024-01-07T08:45:00Z,1180.27,20.61,47.63,114.4,68.97,17.69
2024-01-07T09:00:00Z,825.47,42.87,20.48,92.01,77.86,10.04
2024-01-07T09:15:00Z,1296.01,5.4,34.24,104.98,96.43,19.5
2024-01-07T09:30:00Z,1269.4,39.33,23.0,113.99,47.65,13.44
2024-01-07T09:45:00Z,1117.35,29.54,9.99,98.82,31.57,0.0
2024-01-07T10:00:00Z,1653.12,52.99,0.0,76.62,42.54,2.31
2024-01-07T10:15:00Z,1548.95,34.93,8.09,124.67,77.98,0.0
2024-01-07T10:30:00Z,1394.41,1.81,21.88,123.0,36.19,11.93
2024-01-07T10:45:00Z,1623.49,26.87,24.59,169.87,48.1,6.09
2024-01-07T11:00:00Z,1196.15,24.78,15.92,53.72,43.62,6.37
2024-01-07T11:15:00Z,1083.71,41.92,8.55,33.77,71.52,1.1
2024-01-07T11:30:00Z,1740.07,30.2,21.88,98.14,43.39,4.9
2024-01-07T11:45:00Z,1540.88,54.66,18.59,50.63,24.57,17.65
2024-01-07T12:00:00Z,1581.3,42.38,13.08,97.37,68.66,13.27
2024-01-07T12:15:00Z,1433.03,37.97,20.9,145.48,37.0,7.66
2024-01-07T12:30:00Z,883.52,44.79,7.23,286.3,38.81,12.01
2024-01-07T12:45:00Z,1155.31,0.0,15.79,41.09,35.63,0.0
2024-01-07T13:00:00Z,1518.33,39.98,12.89,30.0,20.0,7.54
2024-01-07T13:15:00Z,1346.63,38.27,29.89,146.55,20.0,13.15
2024-01-07T13:30:00Z,1173.94,33.94,5.75,113.35,76.79,11.22
2024-01-07T13:45:00Z,1308.94,33.85,27.15,107.02,94.23,19.81
2024-01-07T14:00:00Z,1481.13,33.29,7.7,201.35,56.31,12.89
2024-01-07T14:15:00Z,1337.32,28.84,4.39,137.19,52.28,9.7
2024-01-07T14:30:00Z,1314.13,30.91,9.22,133.61,92.59,3.36
2024-01-07T14:45:00Z,923.08,36.08,20.97,206.96,82.39,8.1
2024-01-07T15:00:00Z,1420.15,36.63,1.7,121.72,47.2,9.83
2024-01-07T15:15:00Z,1379.38,20.58,12.66,116.17,67.73,10.68
2024-01-07T15:30:00Z,1212.94,33.36,27.84,30.0,49.34,0.0
2024-01-07T15:45:00Z,1308.02,27.45,22.07,119.39,77.43,4.41
2024-01-07T16:00:00Z,962.92,70.15,16.3,98.52,27.67,16.19
2024-01-07T16:15:00Z,1532.68,53.71,7.48,100.57,85.99,7.38
2024-01-07T16:30:00Z,1550.53,17.76,8.01,163.84,92.96,0.0
2024-01-07T16:45:00Z,1161.15,15.25,32.7,156.99,43.39,21.9
2024-01-07T17:00:00Z,1352.57,38.36,19.27,46.51,67.69,9.55
2024-01-07T17:15:00Z,1142.77,9.18,29.69,30.0,65.79,14.31
2024-01-07T17:30:00Z,1416.21,16.8,12.57,30.0,56.38,11.16
2024-01-07T17:45:00Z,1350.41,40.88,0.0,167.32,69.79,9.8
2024-01-07T18:00:00Z,1310.88,13.89,7.68,126.41,70.33,20.64
2024-01-07T18:15:00Z,1467.63,37.68,0.54,122.75,61.34,21.7
2024-01-07T18:30:00Z,1121.93,22.82,23.85,94.2,20.0,8.3
2024-01-07T18:45:00Z,1216.81,42.37,9.96,37.56,50.24,9.58
2024-01-07T19:00:00Z,1389.62,46.06,21.02,87.84,20.0,13.6
2024-01-07T19:15:00Z,1605.36,35.69,11.04,124.01,58.62,2.89
2024-01-07T19:30:00Z,1311.36,41.15,7.96,77.15,20.0,14.45
2024-01-07T19:45:00Z,930.5,30.21,0.75,67.05,80.87,0.0
2024-01-07T20:00:00Z,1228.31,31.92,26.46,169.77,93.3,15.43
2024-01-07T20:15:00Z,996.37,31.03,16.42,121.56,45.18,0.0
2024-01-07T20:30:00Z,1295.53,41.28,5.13,48.18,58.61,6.45
2024-01-07T20:45:00Z,1319.43,24.23,16.37,79.86,44.7,11.56
2024-01-07T21:00:00Z,1231.09,40.81,25.41,37.53,86.26,2.97
2024-01-07T21:15:00Z,1230.94,39.06,0.0,68.86,39.94,0.0
2024-01-07T21:30:00Z,1627.38,22.96,9.24,120.81,54.5,2.93
2024-01-07T21:45:00Z,1591.35,45.29,13.87,153.06,51.91,5.13
2024-01-07T22:00:00Z,1381.46,22.63,14.92,74.47,74.71,4.81
2024-01-07T22:15:00Z,1514.93,13.63,25.71,102.95,84.03,1.39
2024-01-07T22:30:00Z,1261.71,55.17,29.54,174.97,20.0,0.0
2024-01-07T22:45:00Z,1280.2,39.39,18.95,147.43,48.89,0.67
2024-01-07T23:00:00Z,1198.78,21.0,26.55,30.0,31.2,4.63
2024-01-07T23:15:00Z,1855.82,34.27,22.47,185.43,20.0,18.72
2024-01-07T23:30:00Z,1126.04,26.37,21.55,54.41,20.0,0.0
2024-01-07T23:45:00Z,1044.93,35.42,18.41,53.92,30.71,20.11
2024-01-08T00:00:00Z,1666.43,35.36,7.25,30.0,73.26,12.72
2024-01-08T00:15:00Z,1388.1,23.43,8.15,168.89,81.51,6.79
2024-01-08T00:30:00Z,1327.81,32.59,14.79,64.84,86.76,11.47
2024-01-08T00:45:00Z,1675.77,39.58,14.88,125.64,110.43,29.69
2024-01-08T01:00:00Z,1124.3,0.0,14.77,105.36,48.39,2.21
2024-01-08T01:15:00Z,1366.54,6.14,16.85,164.94,56.09,11.92
2024-01-08T01:30:00Z,1676.11,14.2,5.36,98.95,52.12,18.86
2024-01-08T01:45:00Z,1165.93,51.9,9.18,103.11,81.13,4.89
2024-01-08T02:00:00Z,1426.5,18.07,18.42,155.06,33.58,3.39
2024-01-08T02:15:00Z,1486.21,36.75,27.54,152.1,37.26,17.19
2024-01-08T02:30:00Z,1349.78,43.79,1.98,30.0,65.53,4.75
2024-01-08T02:45:00Z,1553.55,23.14,6.64,124.84,29.77,6.4
2024-01-08T03:00:00Z,1348.05,27.41,8.14,232.96,33.37,0.0
2024-01-08T03:15:00Z,1488.28,29.98,29.36,96.8,73.46,0.0
2024-01-08T03:30:00Z,1349.24,51.37,3.11,164.15,61.65,11.62
2024-01-08T03:45:00Z,1589.07,24.7,0.0,30.0,38.57,13.82
2024-01-08T04:00:00Z,1440.99,52.73,10.7,49.92,49.01,6.76
2024-01-08T04:15:00Z,1184.07,32.99,5.18,129.3,20.0,20.98
2024-01-08T04:30:00Z,1633.89,36.13,13.05,127.23,36.35,10.57
2024-01-08T04:45:00Z,1738.24,23.86,17.34,132.29,40.54,0.0
2024-01-08T05:00:00Z,1362.29,16.77,14.2,102.09,26.14,21.41
2024-01-08T05:15:00Z,1356.68,41.62,10.83,128.53,20.0,15.66
2024-01-08T05:30:00Z,998.32,40.37,20.38,137.98,31.3,2.39
2024-01-08T05:45:00Z,1472.41,57.41,13.98,134.54,28.62,7.49
2024-01-08T06:00:00Z,1202.56,36.39,20.53,109.6,80.12,1.74
2024-01-08T06:15:00Z,1182.99,19.79,5.5,114.65,63.83,18.38
2024-01-08T06:30:00Z,1304.47,18.79,1.51,47.31,85.28,15.31
2024-01-08T06:45:00Z,1571.84,43.33,13.62,101.97,56.36,10.07
2024-01-08T07:00:00Z,1203.47,40.39,7.89,89.97,20.0,21.03
2024-01-08T07:15:00Z,1357.02,61.42,25.46,30.0,60.22,11.51
2024-01-08T07:30:00Z,1185.98,37.93,15.49,71.61,47.7,7.85
2024-01-08T07:45:00Z,1032.79,19.88,5.75,35.75,94.59,16.51
2024-01-08T08:00:00Z,1034.7,17.6,17.02,63.53,20.0,11.8
2024-01-08T08:15:00Z,1570.51,18.02,12.41,142.01,35.66,22.55
2024-01-08T08:30:00Z,1371.36,18.64,1.58,116.11,61.75,12.4
2024-01-08T08:45:00Z,1114.35,33.46,8.02,89.9,39.26,7.05
2024-01-08T09:00:00Z,1306.77,15.79,7.02,30.0,46.76,3.75
2024-01-08T09:15:00Z,1460.14,36.24,7.32,37.32,97.68,26.58
2024-01-08T09:30:00Z,1260.0,10.2,17.11,134.2,86.05,0.0
2024-01-08T09:45:00Z,1134.87,59.97,22.01,139.5,70.77,0.0
2024-01-08T10:00:00Z,1113.12,11.7,2.6,92.84,58.55,21.32
2024-01-08T10:15:00Z,1390.64,23.56,12.01,131.2,39.82,13.33
2024-01-08T10:30:00Z,1617.75,31.09,21.14,104.22,40.73,6.5
2024-01-08T10:45:00Z,1427.95,37.41,12.59,91.59,87.98,11.06
2024-01-08T11:00:00Z,1197.34,29.99,7.29,65.99,64.81,10.92
2024-01-08T11:15:00Z,1259.94,26.45,11.92,63.24,47.92,2.54
2024-01-08T11:30:00Z,1332.32,45.79,10.25,163.85,20.0,14.41
2024-01-08T11:45:00Z,864.24,26.99,23.09,30.0,64.67,18.91
2024-01-08T12:00:00Z,1638.46,35.7,18.55,146.69,73.06,12.77
2024-01-08T12:15:00Z,1138.68,15.36,16.04,113.38,68.94,14.47
2024-01-08T12:30:00Z,1184.61,42.95,3.73,130.0,80.17,9.56
2024-01-08T12:45:00Z,1212.61,27.85,0.0,88.09,40.92,0.0
2024-01-08T13:00:00Z,1253.62,59.45,19.68,156.76,35.46,20.14
2024-01-08T13:15:00Z,1442.41,41.94,21.98,89.54,88.83,20.61
2024-01-08T13:30:00Z,1425.44,33.29,7.17,184.07,21.31,13.91
2024-01-08T13:45:00Z,1316.35,35.45,17.85,111.12,20.0,4.43
2024-01-08T14:00:00Z,1110.49,20.63,0.0,176.05,70.92,1.63
2024-01-08T14:15:00Z,1022.34,29.65,28.13,86.15,84.01,10.33
2024-01-08T14:30:00Z,1482.07,6.89,21.87,60.63,74.69,4.0
2024-01-08T14:45:00Z,1034.67,33.72,22.49,72.54,53.35,16.63
2024-01-08T15:00:00Z,1093.0,25.47,16.96,124.27,74.28,2.77
2024-01-08T15:15:00Z,1384.83,30.03,27.16,72.92,58.17,5.88
2024-01-08T15:30:00Z,1231.82,14.5,4.77,91.32,20.0,25.16
2024-01-08T15:45:00Z,1302.11,26.41,18.18,84.12,28.44,26.14
2024-01-08T16:00:00Z,1862.89,21.24,7.89,75.12,25.75,17.19
2024-01-08T16:15:00Z,1427.53,49.6,15.56,126.65,42.28,9.72
2024-01-08T16:30:00Z,1012.58,19.72,7.02,200.9,21.15,18.93
2024-01-08T16:45:00Z,1275.85,22.97,0.0,101.13,20.0,15.01
2024-01-08T17:00:00Z,1162.93,18.73,0.0,62.5,60.83,6.46
2024-01-08T17:15:00Z,1087.01,0.03,25.42,187.61,57.72,0.0
2024-01-08T17:30:00Z,1458.19,28.7,18.64,64.61,94.26,13.05
2024-01-08T17:45:00Z,1358.25,10.45,34.76,174.78,52.16,7.13
2024-01-08T18:00:00Z,1243.33,51.48,8.58,165.76,72.24,7.78
2024-01-08T18:15:00Z,1385.43,52.03,17.3,112.15,68.15,0.0
2024-01-08T18:30:00Z,1119.65,28.68,30.41,158.02,20.0,7.82
2024-01-08T18:45:00Z,1149.72,8.25,23.53,119.05,61.02,5.35
2024-01-08T19:00:00Z,1592.47,32.82,32.15,127.93,70.54,3.2
2024-01-08T19:15:00Z,1513.28,47.3,15.48,78.75,20.0,26.49
2024-01-08T19:30:00Z,1716.89,57.75,12.08,44.75,26.17,0.0
2024-01-08T19:45:00Z,937.41,42.41,14.45,85.42,82.38,12.47
2024-01-08T20:00:00Z,1702.9,45.37,7.11,30.0,20.0,6.1
2024-01-08T20:15:00Z,1303.06,47.94,24.81,82.54,54.35,15.42
2024-01-08T20:30:00Z,1208.2,57.5,12.35,171.14,38.84,11.5
2024-01-08T20:45:00Z,1277.72,26.49,0.0,211.33,40.15,7.46
2024-01-08T21:00:00Z,1454.23,9.13,17.25,130.09,45.66,14.75
2024-01-08T21:15:00Z,1412.82,54.4,17.47,91.95,27.54,0.0
2024-01-08T21:30:00Z,1452.49,44.65,1.97,64.21,40.26,20.15
2024-01-08T21:45:00Z,1112.45,16.69,19.49,121.26,31.13,4.95
2024-01-08T22:00:00Z,1486.99,34.43,12.81,75.31,81.45,29.96
2024-01-08T22:15:00Z,1144.18,16.58,33.57,115.56,100.29,3.53
2024-01-08T22:30:00Z,832.88,23.79,16.07,151.5,20.0,10.8
2024-01-08T22:45:00Z,1678.95,32.44,8.86,136.08,39.47,6.23
2024-01-08T23:00:00Z,1256.6,10.16,8.74,136.68,45.36,0.0
2024-01-08T23:15:00Z,1180.06,17.12,4.03,171.99,51.53,14.98
2024-01-08T23:30:00Z,1620.89,16.7,10.6,108.69,96.75,6.1
2024-01-08T23:45:00Z,1319.4,43.2,18.15,108.04,67.44,9.19
2024-01-09T00:00:00Z,1541.14,9.73,11.95,70.82,85.16,2.5
2024-01-09T00:15:00Z,1378.29,55.05,26.75,117.37,20.0,15.66
2024-01-09T00:30:00Z,1636.07,30.22,20.92,126.02,76.22,21.03
2024-01-09T00:45:00Z,1066.95,31.52,5.54,136.66,69.76,27.86
2024-01-09T01:00:00Z,1232.48,20.41,12.79,81.3,64.8,1.73
2024-01-09T01:15:00Z,1280.64,33.51,3.3,98.05,25.15,9.92
2024-01-09T01:30:00Z,1124.72,44.02,9.76,145.05,50.9,6.28
2024-01-09T01:45:00Z,1430.35,33.73,22.99,30.0,29.12,10.54
2024-01-09T02:00:00Z,1431.15,34.03,17.54,104.81,29.49,17.91
2024-01-09T02:15:00Z,1206.57,51.06,18.24,30.0,63.96,14.29
2024-01-09T02:30:00Z,1418.6,32.89,9.25,177.82,40.18,17.48
2024-01-09T02:45:00Z,1146.8,65.65,23.22,72.41,54.89,8.48
2024-01-09T03:00:00Z,1234.3,44.18,26.32,156.3,80.09,1.42
2024-01-09T03:15:00Z,1289.47,43.86,13.99,79.57,20.0,14.98
2024-01-09T03:30:00Z,1305.16,40.97,5.33,211.03,55.64,14.93
2024-01-09T03:45:00Z,1404.38,3.0,21.26,55.1,42.71,12.86
2024-01-09T04:00:00Z,1548.73,30.85,14.17,30.0,40.17,15.45
2024-01-09T04:15:00Z,1379.05,57.66,39.47,155.54,20.0,15.06
2024-01-09T04:30:00Z,1226.43,28.85,34.56,107.62,93.15,10.67
2024-01-09T04:45:00Z,1107.8,29.37,24.07,100.97,20.0,10.04
2024-01-09T05:00:00Z,1352.98,26.47,18.27,88.42,20.0,7.12
2024-01-09T05:15:00Z,833.91,53.04,19.79,130.25,63.17,0.0
2024-01-09T05:30:00Z,852.05,46.34,15.15,73.54,58.3,1.72
2024-01-09T05:45:00Z,1207.52,30.54,25.14,180.7,60.78,17.2
2024-01-09T06:00:00Z,1184.7,17.41,26.51,50.62,36.48,7.87
2024-01-09T06:15:00Z,1073.53,39.18,22.34,112.56,104.64,23.86
2024-01-09T06:30:00Z,971.83,39.15,5.58,112.49,20.0,13.31
2024-01-09T06:45:00Z,1114.86,25.74,14.48,181.37,20.0,13.63
2024-01-09T07:00:00Z,1080.78,14.13,18.67,62.01,78.25,7.14
2024-01-09T07:15:00Z,1581.7,19.29,23.75,191.13,46.12,14.76
2024-01-09T07:30:00Z,1182.69,27.48,14.62,148.86,63.13,17.23
2024-01-09T07:45:00Z,1305.75,68.78,36.54,226.95,62.35,8.44
2024-01-09T08:00:00Z,1309.85,35.01,10.8,235.64,59.02,14.27
2024-01-09T08:15:00Z,1093.73,46.63,9.18,120.75,20.0,11.42
2024-01-09T08:30:00Z,1458.38,61.43,17.58,84.2,53.6,9.14
2024-01-09T08:45:00Z,1230.54,23.04,15.03,80.39,66.46,9.9
2024-01-09T09:00:00Z,751.99,28.75,0.0,103.08,99.48,22.39
2024-01-09T09:15:00Z,1187.9,39.74,32.56,151.82,54.79,23.6
2024-01-09T09:30:00Z,1172.02,9.73,25.33,151.08,116.04,17.82
2024-01-09T09:45:00Z,1468.67,31.93,19.06,112.47,48.15,2.52
2024-01-09T10:00:00Z,1043.99,56.55,18.99,151.84,47.46,0.0
2024-01-09T10:15:00Z,1021.73,9.26,9.3,60.38,31.61,17.0
2024-01-09T10:30:00Z,1235.1,39.72,5.58,88.3,20.0,5.68
2024-01-09T10:45:00Z,1399.71,25.18,5.86,30.0,68.16,11.96
2024-01-09T11:00:00Z,1041.71,29.3,32.95,126.63,91.96,20.24
2024-01-09T11:15:00Z,1255.98,60.4,0.0,64.41,53.88,13.17
2024-01-09T11:30:00Z,1192.98,16.18,24.74,84.2,20.0,14.07
2024-01-09T11:45:00Z,1510.13,26.94,21.82,40.46,69.24,17.69
2024-01-09T12:00:00Z,1094.85,29.8,9.84,67.51,94.81,18.13
2024-01-09T12:15:00Z,1388.89,34.71,31.01,129.79,20.0,20.35
2024-01-09T12:30:00Z,1149.77,17.33,7.12,46.28,29.18,19.05
2024-01-09T12:45:00Z,955.9,24.72,12.59,90.57,75.8,9.44
2024-01-09T13:00:00Z,1448.03,30.84,26.46,129.24,88.35,0.47
2024-01-09T13:15:00Z,1335.95,35.47,13.33,30.0,32.2,16.53
2024-01-09T13:30:00Z,991.16,48.15,13.85,86.9,75.08,6.58
2024-01-09T13:45:00Z,1232.25,52.82,3.7,189.94,85.2,5.16
2024-01-09T14:00:00Z,1506.12,22.84,19.7,125.75,82.95,13.56
2024-01-09T14:15:00Z,1561.39,51.28,10.5,239.62,24.37,22.08
2024-01-09T14:30:00Z,942.27,0.0,8.72,137.3,44.3,15.54
2024-01-09T14:45:00Z,1286.99,34.06,21.6,153.5,33.44,10.88
2024-01-09T15:00:00Z,1353.52,14.53,21.81,129.22,36.82,9.76
2024-01-09T15:15:00Z,1148.01,19.66,16.68,61.12,48.08,22.14
2024-01-09T15:30:00Z,1216.89,50.05,5.08,90.56,33.04,18.48
2024-01-09T15:45:00Z,1156.32,15.16,20.39,122.98,93.58,12.36
2024-01-09T16:00:00Z,1406.27,39.9,10.35,69.78,20.0,0.07
2024-01-09T16:15:00Z,1197.22,13.22,0.0,122.55,82.02,5.0
2024-01-09T16:30:00Z,1039.64,25.55,20.58,186.06,94.52,11.59
2024-01-09T16:45:00Z,1181.97,38.6,0.0,30.0,20.26,0.62
2024-01-09T17:00:00Z,1536.61,33.64,25.08,107.6,20.0,5.46
2024-01-09T17:15:00Z,1294.17,24.04,20.15,145.81,78.02,12.52
2024-01-09T17:30:00Z,1133.34,43.73,3.71,139.86,44.74,3.38
2024-01-09T17:45:00Z,1350.38,46.09,10.48,76.4,38.21,7.62
2024-01-09T18:00:00Z,1512.26,29.77,10.88,93.89,52.13,23.36
2024-01-09T18:15:00Z,1324.22,15.94,7.8,72.24,52.14,8.61
2024-01-09T18:30:00Z,1330.98,51.01,0.0,139.33,32.44,10.54
2024-01-09T18:45:00Z,1512.75,51.24,21.26,104.43,58.42,6.08
2024-01-09T19:00:00Z,1162.68,9.37,16.35,70.54,74.93,9.5
2024-01-09T19:15:00Z,1186.42,23.82,13.57,78.72,96.84,16.35
2024-01-09T19:30:00Z,1380.13,16.82,18.35,132.57,83.09,12.98
2024-01-09T19:45:00Z,1636.15,43.02,18.74,30.0,53.35,1.14
2024-01-09T20:00:00Z,1576.84,32.47,14.05,30.0,45.91,17.99
2024-01-09T20:15:00Z,1101.62,30.05,18.17,50.58,20.0,0.0
2024-01-09T20:30:00Z,1208.52,37.31,18.77,30.0,20.0,3.62
2024-01-09T20:45:00Z,1783.85,14.2,5.35,89.08,66.38,14.99
2024-01-09T21:00:00Z,1615.5,19.92,17.53,62.82,94.92,10.56
2024-01-09T21:15:00Z,1271.17,14.84,25.95,131.51,70.02,8.68
2024-01-09T21:30:00Z,1139.49,0.07,12.4,101.12,47.2,16.93
2024-01-09T21:45:00Z,1083.79,65.04,11.86,66.23,50.6,18.86
2024-01-09T22:00:00Z,1056.52,17.04,9.14,135.33,53.52,24.51
2024-01-09T22:15:00Z,1431.63,12.11,24.05,59.96,42.07,5.84
2024-01-09T22:30:00Z,1281.95,41.9,24.61,153.17,65.4,6.13
2024-01-09T22:45:00Z,1420.16,28.32,12.64,119.76,20.0,18.11
2024-01-09T23:00:00Z,1381.65,32.17,39.99,72.42,67.95,14.57
2024-01-09T23:15:00Z,1003.16,39.1,5.13,130.79,80.15,6.48
2024-01-09T23:30:00Z,1389.71,34.26,17.92,189.7,79.93,20.16
2024-01-09T23:45:00Z,1448.55,31.27,2.84,124.4,55.86,21.34
2024-01-10T00:00:00Z,1602.13,16.21,22.38,86.1,72.62,5.01
2024-01-10T00:15:00Z,648.44,21.4,9.14,112.08,83.73,6.3
2024-01-10T00:30:00Z,1451.18,7.77,36.55,143.06,81.03,16.92
2024-01-10T00:45:00Z,1191.18,31.29,13.84,75.69,20.0,26.63
2024-01-10T01:00:00Z,1468.47,36.77,18.11,81.95,66.58,0.0
2024-01-10T01:15:00Z,1613.77,36.22,37.54,152.79,48.04,4.61
2024-01-10T01:30:00Z,1740.74,11.02,0.0,144.76,55.78,1.89
2024-01-10T01:45:00Z,1069.21,20.34,32.19,114.3,78.11,17.82
2024-01-10T02:00:00Z,1436.12,47.37,13.84,83.86,53.07,21.06
2024-01-10T02:15:00Z,1158.9,53.18,25.26,38.79,57.49,25.96
2024-01-10T02:30:00Z,1223.44,12.32,15.46,201.07,85.59,7.69
2024-01-10T02:45:00Z,1420.08,28.14,15.23,40.5,89.04,20.66
2024-01-10T03:00:00Z,1217.37,16.05,12.3,134.12,85.46,4.08
2024-01-10T03:15:00Z,1235.26,26.93,3.14,116.53,60.18,9.82
2024-01-10T03:30:00Z,1353.01,29.24,0.0,58.93,33.34,30.73
2024-01-10T03:45:00Z,1498.52,0.0,14.66,39.98,80.3,17.33
2024-01-10T04:00:00Z,1657.56,25.13,15.73,108.26,78.25,18.45
2024-01-10T04:15:00Z,1519.02,29.97,38.79,32.82,20.0,1.04
2024-01-10T04:30:00Z,1632.04,34.54,0.0,103.58,30.35,17.6
2024-01-10T04:45:00Z,1346.33,27.8,24.81,165.96,73.9,11.43
2024-01-10T05:00:00Z,1305.08,40.22,8.33,30.0,30.47,6.1
2024-01-10T05:15:00Z,1297.73,31.74,1.3,63.87,65.16,16.45
2024-01-10T05:30:00Z,1402.15,31.28,17.33,146.38,20.0,5.97
2024-01-10T05:45:00Z,1332.48,47.76,10.67,94.62,46.56,5.67
2024-01-10T06:00:00Z,1165.27,25.83,13.0,215.56,33.33,3.83
2024-01-10T06:15:00Z,1347.46,50.36,21.57,127.93,46.01,16.72
2024-01-10T06:30:00Z,937.34,0.0,18.81,61.47,50.86,2.21
2024-01-10T06:45:00Z,1431.18,13.37,9.13,118.9,20.0,2.03
2024-01-10T07:00:00Z,1143.39,11.91,0.0,116.86,42.07,20.32
2024-01-10T07:15:00Z,1283.75,1.67,6.83,41.96,87.11,8.79
2024-01-10T07:30:00Z,955.43,20.28,16.51,56.6,72.02,3.95
2024-01-10T07:45:00Z,1326.08,20.64,6.48,130.09,60.26,6.79
2024-01-10T08:00:00Z,1709.15,46.86,0.0,190.77,20.69,12.92
2024-01-10T08:15:00Z,923.48,42.79,19.97,191.75,92.57,15.58
2024-01-10T08:30:00Z,1351.39,19.41,6.13,30.0,62.45,15.4
2024-01-10T08:45:00Z,1107.42,33.14,29.35,123.45,41.25,0.0
2024-01-10T09:00:00Z,1160.5,46.69,0.0,90.66,29.37,0.0
2024-01-10T09:15:00Z,1221.37,42.26,26.58,123.75,52.06,23.25
2024-01-10T09:30:00Z,1802.57,27.59,29.73,105.85,47.96,9.72
2024-01-10T09:45:00Z,1034.64,33.36,1.48,74.25,35.61,11.23
2024-01-10T10:00:00Z,1316.09,25.25,0.0,118.33,65.54,8.27
2024-01-10T10:15:00Z,1154.38,46.53,12.46,34.75,56.73,14.4
2024-01-10T10:30:00Z,1193.89,39.11,4.76,55.82,56.8,18.41
2024-01-10T10:45:00Z,1503.97,17.15,22.97,51.36,101.02,10.77
2024-01-10T11:00:00Z,1599.49,10.12,8.95,51.08,30.47,13.33
2024-01-10T11:15:00Z,1423.31,26.59,3.04,142.51,20.0,10.1
2024-01-10T11:30:00Z,1058.19,55.16,15.56,112.17,70.04,0.0
2024-01-10T11:45:00Z,1410.25,21.25,31.76,98.21,55.3,23.68
2024-01-10T12:00:00Z,1229.82,11.61,8.07,68.16,81.29,9.98
2024-01-10T12:15:00Z,1061.09,13.04,9.96,157.24,97.23,21.37
2024-01-10T12:30:00Z,1552.67,17.52,11.82,82.34,69.67,20.43
2024-01-10T12:45:00Z,1500.68,31.77,24.47,88.1,40.44,8.6
2024-01-10T13:00:00Z,1044.9,50.98,9.82,73.5,42.66,5.76
2024-01-10T13:15:00Z,1566.68,20.36,9.97,145.75,48.4,5.03
2024-01-10T13:30:00Z,1175.28,20.73,24.64,74.09,63.05,2.88
2024-01-10T13:45:00Z,1230.44,11.91,0.02,47.98,43.25,17.89
2024-01-10T14:00:00Z,1580.84,37.52,21.58,34.44,20.0,22.3
2024-01-10T14:15:00Z,1294.39,7.47,25.71,51.57,62.04,16.74
2024-01-10T14:30:00Z,1289.63,51.79,26.53,63.7,107.48,12.61
2024-01-10T14:45:00Z,990.1,20.94,16.22,114.13,23.43,8.0
2024-01-10T15:00:00Z,1185.38,44.19,21.68,30.0,32.7,15.14
2024-01-10T15:15:00Z,1423.98,37.32,21.33,171.88,41.8,19.01
2024-01-10T15:30:00Z,1166.62,45.78,23.26,58.95,48.17,9.28
2024-01-10T15:45:00Z,1029.23,28.41,4.28,120.01,20.0,21.01
2024-01-10T16:00:00Z,1397.71,14.35,21.24,89.97,81.43,14.79
2024-01-10T16:15:00Z,1117.11,1.65,10.66,89.17,24.92,1.86
2024-01-10T16:30:00Z,1142.97,22.27,8.49,110.42,59.0,12.41
2024-01-10T16:45:00Z,1382.66,36.21,32.63,30.0,79.75,8.5
2024-01-10T17:00:00Z,1047.81,27.78,26.82,43.97,55.85,5.79
2024-01-10T17:15:00Z,1378.51,36.22,11.23,125.11,45.37,9.64
2024-01-10T17:30:00Z,1183.2,13.03,23.54,143.68,22.68,8.42
2024-01-10T17:45:00Z,1669.52,18.9,6.42,152.06,28.22,0.0
2024-01-10T18:00:00Z,1429.81,48.89,13.69,175.74,64.64,8.3
2024-01-10T18:15:00Z,1091.18,35.76,0.02,176.17,67.93,8.74
2024-01-10T18:30:00Z,1204.05,35.38,6.67,134.76,20.0,0.0
2024-01-10T18:45:00Z,1504.59,22.17,22.9,85.66,71.29,3.47
2024-01-10T19:00:00Z,1263.31,32.18,42.42,32.35,88.16,10.17
2024-01-10T19:15:00Z,1714.51,57.49,7.37,30.0,60.77,10.48
2024-01-10T19:30:00Z,1344.24,42.5,4.66,133.39,47.07,10.3
2024-01-10T19:45:00Z,1125.49,45.26,17.41,214.9,56.69,13.08
2024-01-10T20:00:00Z,1343.54,24.93,21.76,109.39,27.67,7.46
2024-01-10T20:15:00Z,1530.31,37.98,6.98,190.29,47.41,12.05
2024-01-10T20:30:00Z,1446.36,31.39,15.18,85.56,52.22,0.0
2024-01-10T20:45:00Z,1175.14,25.83,0.0,46.8,46.38,25.91
2024-01-10T21:00:00Z,1315.79,30.9,19.52,145.34,55.13,12.56
2024-01-10T21:15:00Z,1727.29,18.15,15.72,173.61,46.75,9.25
2024-01-10T21:30:00Z,1276.57,42.25,9.64,62.27,27.93,12.42
2024-01-10T21:45:00Z,1261.3,43.08,19.88,84.14,32.8,11.98
2024-01-10T22:00:00Z,846.65,33.85,12.52,95.82,68.06,10.21
2024-01-10T22:15:00Z,1417.83,33.3,24.78,144.72,32.78,22.88
2024-01-10T22:30:00Z,1379.26,33.75,14.18,133.92,43.82,9.27
2024-01-10T22:45:00Z,1133.21,34.03,13.75,88.2,90.52,0.0
2024-01-10T23:00:00Z,1033.79,44.66,7.18,100.22,20.0,15.12
2024-01-10T23:15:00Z,1698.31,6.4,42.71,62.7,82.99,17.52
2024-01-10T23:30:00Z,966.97,9.53,7.84,30.0,111.38,13.18
2024-01-10T23:45:00Z,1261.88,76.21,20.0,131.67,38.76,4.7
2024-01-11T00:00:00Z,1173.3,37.21,8.55,122.55,89.64,2.02
2024-01-11T00:15:00Z,1126.22,35.31,26.43,87.95,72.64,12.0
2024-01-11T00:30:00Z,1097.53,13.28,11.77,205.21,28.04,20.16
2024-01-11T00:45:00Z,1221.11,25.52,16.42,127.92,53.94,9.26
2024-01-11T01:00:00Z,1253.34,1.3,13.78,95.34,47.27,11.41
2024-01-11T01:15:00Z,1430.47,35.53,10.63,71.11,26.05,0.0
2024-01-11T01:30:00Z,1208.29,17.63,8.33,117.33,66.64,7.66
2024-01-11T01:45:00Z,1509.42,15.94,24.95,95.64,57.83,0.0
2024-01-11T02:00:00Z,1228.54,31.15,25.14,132.31,20.0,7.71
2024-01-11T02:15:00Z,1455.79,13.7,14.97,114.01,56.16,7.63
2024-01-11T02:30:00Z,1058.18,50.76,0.0,235.35,43.06,11.57
2024-01-11T02:45:00Z,1342.38,29.31,23.01,57.97,42.62,13.13
2024-01-11T03:00:00Z,1705.03,42.95,8.78,154.67,61.5,0.0
2024-01-11T03:15:00Z,1318.56,47.57,11.5,80.3,20.0,0.15
2024-01-11T03:30:00Z,1359.17,25.31,20.65,163.44,67.04,2.86
2024-01-11T03:45:00Z,1030.03,33.14,20.66,118.43,53.57,13.93
2024-01-11T04:00:00Z,1094.44,54.89,9.52,147.73,57.68,5.28
2024-01-11T04:15:00Z,1408.71,39.25,10.13,159.92,82.66,31.45
2024-01-11T04:30:00Z,1513.33,23.38,16.59,125.84,56.21,10.73
2024-01-11T04:45:00Z,1381.16,27.28,13.94,194.74,49.74,16.57
2024-01-11T05:00:00Z,1463.96,31.42,8.83,47.7,20.0,11.65
2024-01-11T05:15:00Z,999.62,44.08,0.0,42.23,69.84,10.86
2024-01-11T05:30:00Z,1210.96,11.6,2.84,142.12,37.19,1.25
2024-01-11T05:45:00Z,1484.92,11.75,5.75,96.17,27.11,8.97
2024-01-11T06:00:00Z,1737.75,0.0,15.16,153.67,81.64,3.48
2024-01-11T06:15:00Z,1545.62,40.84,16.08,30.0,44.93,24.51
2024-01-11T06:30:00Z,1443.25,26.45,32.54,203.25,27.29,12.95
2024-01-11T06:45:00Z,1100.53,24.34,13.69,81.34,79.26,2.45
2024-01-11T07:00:00Z,1296.45,37.84,0.45,124.2,23.62,24.51
2024-01-11T07:15:00Z,1580.12,35.77,18.78,113.55,84.38,0.74
2024-01-11T07:30:00Z,1867.95,39.94,10.28,203.91,20.0,10.29
2024-01-11T07:45:00Z,1172.24,31.53,14.0,69.86,70.46,1.46
2024-01-11T08:00:00Z,1378.93,42.96,9.08,211.65,36.9,14.02
2024-01-11T08:15:00Z,1774.87,39.13,7.3,188.77,71.25,14.39
2024-01-11T08:30:00Z,1451.56,16.84,0.0,81.97,52.32,9.85
2024-01-11T08:45:00Z,1002.27,30.44,6.43,121.61,48.59,2.87
2024-01-11T09:00:00Z,1513.97,55.56,25.93,118.02,56.11,7.07
2024-01-11T09:15:00Z,1240.85,31.44,15.13,96.42,45.21,1.64
2024-01-11T09:30:00Z,1393.95,15.91,9.51,104.25,105.36,21.59
2024-01-11T09:45:00Z,1484.23,23.94,26.24,173.38,75.29,19.72
2024-01-11T10:00:00Z,1407.62,52.72,12.05,210.75,44.13,26.1
2024-01-11T10:15:00Z,1387.73,35.27,19.93,84.79,29.73,11.83
2024-01-11T10:30:00Z,972.68,31.91,11.43,102.47,52.0,4.6
2024-01-11T10:45:00Z,1391.49,15.81,13.43,45.9,47.36,7.69
2024-01-11T11:00:00Z,1309.75,42.06,6.27,206.15,42.41,4.01
2024-01-11T11:15:00Z,1511.35,65.59,4.92,200.42,63.96,9.36
2024-01-11T11:30:00Z,1372.92,54.61,6.85,113.22,67.64,10.23
2024-01-11T11:45:00Z,1304.96,38.13,21.66,122.65,78.27,1.91
2024-01-11T12:00:00Z,1469.82,25.92,7.59,98.46,61.29,12.13
2024-01-11T12:15:00Z,1309.43,39.49,16.1,184.65,20.0,6.42
2024-01-11T12:30:00Z,1367.91,32.43,5.47,39.39,70.45,0.0
2024-01-11T12:45:00Z,1380.12,12.12,2.77,114.19,90.72,14.14
2024-01-11T13:00:00Z,1333.15,5.8,6.05,133.16,62.58,0.0
2024-01-11T13:15:00Z,1684.77,49.17,28.29,120.52,39.84,8.19
2024-01-11T13:30:00Z,1357.82,27.34,26.07,30.0,38.98,2.54
2024-01-11T13:45:00Z,1060.82,45.29,14.62,88.76,60.14,19.76
2024-01-11T14:00:00Z,996.13,0.0,12.56,136.35,67.16,3.89
2024-01-11T14:15:00Z,1281.35,21.43,1.57,73.31,20.07,11.13
2024-01-11T14:30:00Z,1036.84,31.45,10.57,131.59,111.27,20.74
2024-01-11T14:45:00Z,1377.43,41.77,32.53,109.24,57.95,0.0
2024-01-11T15:00:00Z,1395.27,41.85,16.27,159.36,84.9,9.5
2024-01-11T15:15:00Z,1209.43,34.35,18.96,70.35,62.59,27.07
2024-01-11T15:30:00Z,1360.99,16.06,19.27,160.22,20.0,11.04
2024-01-11T15:45:00Z,1607.81,8.07,11.83,120.84,39.36,4.26
2024-01-11T16:00:00Z,1282.41,67.99,0.0,116.74,42.92,9.83
2024-01-11T16:15:00Z,1179.01,43.01,6.39,188.63,66.76,1.28
2024-01-11T16:30:00Z,843.77,0.0,9.66,108.81,50.82,10.75
2024-01-11T16:45:00Z,1396.07,38.88,17.1,134.77,34.33,10.2
2024-01-11T17:00:00Z,1393.64,13.1,15.71,71.4,56.21,0.49
2024-01-11T17:15:00Z,1361.66,21.35,8.24,98.3,45.91,10.0
2024-01-11T17:30:00Z,1180.28,39.16,31.94,129.58,68.04,18.68
2024-01-11T17:45:00Z,1173.78,31.3,16.43,176.27,65.1,1.26
