Timestamp (UTC),co,no2,o3,pm10,pm25,so2
2020-02-05T08:00:00Z,1400.0,31.76,8.52,90.0,47.0,3.98
2020-02-05T08:15:00Z,1390.0,38.24,11.25,92.09,47.58,3.96
2020-02-05T08:30:00Z,1400.0,34.16,11.02,113.0,52.0,3.3
2020-02-05T08:45:00Z,1400.0,26.62,10.87,113.0,52.0,10.43
2020-02-05T09:15:00Z,1370.0,41.74,10.42,113.08,51.93,8.72
2020-02-05T09:45:00Z,1330.0,36.28,8.14,114.0,50.0,3.14
2020-02-05T10:00:00Z,1320.0,32.82,7.75,114.0,50.0,3.62
2020-02-05T10:15:00Z,1290.0,28.24,7.28,113.36,49.65,5.04
2020-02-05T10:45:00Z,1280.0,28.4,6.92,107.0,47.0,5.58
2020-02-05T11:00:00Z,1260.0,32.78,5.92,107.0,47.0,5.74
2020-02-05T11:15:00Z,1330.0,42.45,5.85,106.72,46.41,6.0
2020-02-05T11:30:00Z,1320.0,43.99,5.56,104.0,42.0,5.29
2020-02-05T11:45:00Z,1340.0,36.62,5.44,104.0,42.0,5.0
2020-02-05T12:00:00Z,1360.0,35.0,4.5,104.0,42.0,4.6
2020-02-05T12:15:00Z,1360.0,38.43,3.47,104.0,42.46,4.17
2020-02-05T12:30:00Z,1400.0,35.52,3.94,104.0,46.0,4.52
2020-02-05T12:45:00Z,1470.0,30.87,3.15,104.0,46.0,4.61
2020-02-05T13:00:00Z,1490.0,31.64,1.87,104.0,46.0,4.93
2020-02-05T13:15:00Z,1540.0,31.23,2.43,105.09,47.13,4.9
2020-02-05T13:30:00Z,1560.0,28.31,1.89,116.0,56.0,5.16
2020-02-05T13:45:00Z,1560.0,27.67,2.01,116.0,56.0,5.28
2020-02-05T14:00:00Z,1590.0,24.27,1.87,116.0,56.0,5.41
2020-02-05T14:15:00Z,1580.0,20.08,2.19,117.18,56.58,5.48
2020-02-05T14:30:00Z,1630.0,22.0,2.12,129.0,61.0,5.41
2020-02-05T14:45:00Z,1620.0,15.94,2.55,129.0,61.0,5.39
2020-02-05T15:00:00Z,1630.0,13.74,2.33,129.0,61.0,5.45
2020-02-05T15:15:00Z,1660.0,13.3,2.04,126.72,60.2,5.69
2020-02-05T15:30:00Z,1640.0,10.4,2.12,104.0,54.0,5.81
2020-02-05T15:45:00Z,1680.0,10.45,2.06,104.0,54.0,5.89
2020-02-05T16:00:00Z,1610.0,9.76,1.71,104.0,54.0,5.25
2020-02-05T16:15:00Z,1640.0,8.53,2.06,102.72,53.54,4.47
2020-02-05T16:30:00Z,1600.0,6.33,2.13,90.0,50.0,4.61
2020-02-05T16:45:00Z,1600.0,5.57,2.64,90.0,50.0,4.87
2020-02-05T17:00:00Z,1580.0,4.09,2.91,90.0,50.0,5.41
2020-02-05T17:15:00Z,1500.0,0.65,3.45,88.81,49.77,5.62
2020-02-05T17:30:00Z,1500.0,0.0,4.02,77.0,48.0,5.43
2020-02-05T17:45:00Z,1400.0,0.0,2.93,77.0,48.0,5.36
2020-02-05T18:00:00Z,1440.0,0.0,1.97,77.0,48.0,5.49
2020-02-05T18:15:00Z,1390.0,0.0,2.12,72.81,45.8,5.51
2020-02-05T18:30:00Z,1370.0,0.0,1.18,31.0,25.0,5.56
2020-02-05T18:45:00Z,1340.0,0.0,2.08,31.0,25.0,5.84
2020-02-05T19:00:00Z,1310.0,0.0,1.21,31.0,25.0,5.61
2020-02-05T19:15:00Z,1310.0,0.0,1.4,31.0,25.0,5.68
2020-02-05T19:30:00Z,1310.0,0.0,1.34,31.0,25.0,5.65
2020-02-05T19:45:00Z,1240.0,0.0,0.94,31.0,25.0,5.68
2020-02-05T20:00:00Z,1230.0,0.0,1.45,31.0,25.0,5.5
2020-02-05T20:15:00Z,1240.0,0.0,1.38,31.45,25.0,5.66
2020-02-05T20:30:00Z,1210.0,0.0,1.12,36.0,25.0,5.53
2020-02-05T20:45:00Z,1200.0,0.0,0.88,36.0,25.0,5.58
2020-02-05T21:15:00Z,1130.0,0.0,1.8,35.9,25.0,5.5
2020-02-05T21:30:00Z,1150.0,0.0,1.47,35.0,25.0,5.31
2020-02-05T21:45:00Z,1100.0,0.0,1.21,35.0,25.0,5.58
2020-02-05T22:15:00Z,1100.0,0.0,1.55,35.45,24.65,5.69
2020-02-05T22:30:00Z,1080.0,0.0,1.67,40.0,22.0,5.64
2020-02-05T22:45:00Z,1070.0,0.0,1.47,40.0,22.0,5.78
2020-02-05T23:00:00Z,1000.0,0.0,1.28,40.0,22.0,5.76
2020-02-05T23:15:00Z,1040.0,0.0,1.12,41.72,22.69,6.37
2020-02-05T23:30:00Z,1040.0,0.0,1.1,59.0,28.0,7.4
2020-02-05T23:45:00Z,1000.0,0.0,1.6,59.0,28.0,5.66
2020-02-06T00:15:00Z,1020.0,0.0,1.55,57.45,27.41,4.3
2020-02-06T00:30:00Z,980.0,0.0,1.13,42.0,23.0,7.46
2020-02-06T00:45:00Z,980.0,0.0,1.07,42.0,23.0,6.81
2020-02-06T01:15:00Z,990.0,0.0,1.5,42.63,25.13,4.25
2020-02-06T01:30:00Z,960.0,0.0,1.71,49.0,43.0,4.92
2020-02-06T01:45:00Z,920.0,0.0,1.1,49.0,43.0,5.49
2020-02-06T02:15:00Z,990.0,0.0,1.33,49.81,42.88,5.28
2020-02-06T02:30:00Z,960.0,0.0,1.34,58.0,42.0,5.22
2020-02-06T05:45:00Z,1090.0,2.15,1.68,115.0,61.0,3.72
2020-02-06T06:00:00Z,980.0,4.64,4.73,115.0,61.0,6.25
2020-02-06T06:15:00Z,1030.0,15.98,10.6,113.36,60.3,5.86
2020-02-06T06:30:00Z,970.0,7.5,33.16,97.0,55.0,18.46
2020-02-06T06:45:00Z,980.0,13.13,28.16,97.0,55.0,26.7
2020-02-06T07:00:00Z,1050.0,17.54,34.87,97.0,55.0,25.25
2020-02-06T07:15:00Z,990.0,8.83,28.7,96.63,53.97,25.46
2020-02-06T07:30:00Z,1030.0,2.53,35.22,93.0,46.0,23.97
2020-02-06T07:45:00Z,1130.0,33.02,29.73,93.0,46.0,24.88
2020-02-06T08:00:00Z,1180.0,73.82,18.61,93.0,46.0,24.97
2020-02-06T08:15:00Z,1180.0,54.19,37.41,97.54,47.36,25.94
2020-02-06T08:30:00Z,1190.0,41.49,43.56,143.0,58.0,25.37
2020-02-06T08:45:00Z,1200.0,42.38,31.39,143.0,58.0,26.23
2020-02-06T09:00:00Z,1180.0,47.62,29.62,143.0,58.0,24.61
2020-02-06T09:15:00Z,1190.0,53.32,31.24,144.9,58.45,25.66
2020-02-06T09:30:00Z,1160.0,35.07,27.87,164.0,62.0,24.07
2020-02-06T09:45:00Z,1190.0,36.74,27.97,164.0,62.0,20.19
2020-02-06T10:00:00Z,1170.0,38.75,27.52,164.0,62.0,21.87
2020-02-06T10:15:00Z,1180.0,40.11,27.61,162.81,61.2,25.19
2020-02-06T10:30:00Z,1170.0,43.32,24.73,151.0,55.0,15.68
2020-02-06T10:45:00Z,1130.0,55.57,21.81,151.0,55.0,14.41
2020-02-06T11:00:00Z,1170.0,58.43,20.06,151.0,55.0,23.11
2020-02-06T11:30:00Z,1180.0,51.18,18.82,147.0,57.0,29.08
2020-02-06T11:45:00Z,1320.0,53.57,15.9,147.0,57.0,35.03
2020-02-06T12:15:00Z,1420.0,55.5,11.39,152.18,58.25,40.61
2020-02-06T12:30:00Z,1390.0,45.13,11.8,204.0,68.0,35.46
2020-02-06T12:45:00Z,1420.0,66.09,8.62,204.0,68.0,27.73
2020-02-06T13:15:00Z,1440.0,47.15,6.42,199.72,66.25,22.61
2020-02-06T13:30:00Z,1510.0,54.92,5.75,157.0,53.0,24.07
2020-02-06T14:15:00Z,1510.0,32.38,6.22,158.63,53.69,11.91
2020-02-06T14:30:00Z,1480.0,32.36,6.3,175.0,59.0,14.47
2020-02-06T14:45:00Z,1510.0,38.64,5.44,175.0,59.0,9.9
2020-02-06T15:00:00Z,1540.0,40.77,6.45,175.0,59.0,11.15
2020-02-06T15:15:00Z,1530.0,36.71,6.59,170.54,57.95,9.84
2020-02-06T15:30:00Z,1540.0,37.52,4.2,126.0,50.0,11.89
2020-02-06T15:45:00Z,1550.0,32.53,4.99,126.0,50.0,13.84
2020-02-06T16:00:00Z,1570.0,28.0,4.64,126.0,50.0,16.32
2020-02-06T16:15:00Z,1550.0,25.76,4.3,125.54,49.88,18.32
2020-02-06T16:30:00Z,1450.0,25.63,4.72,121.0,49.0,18.22
2020-02-06T16:45:00Z,1390.0,17.17,6.36,121.0,49.0,18.81
2020-02-06T17:00:00Z,1450.0,4.44,4.26,121.0,49.0,19.79
2020-02-06T17:15:00Z,1470.0,9.78,2.71,117.9,50.62,21.35
2020-02-06T17:30:00Z,1420.0,15.24,3.3,87.0,63.0,22.17
2020-02-06T17:45:00Z,1420.0,19.54,2.43,87.0,63.0,17.89
2020-02-06T18:00:00Z,1410.0,20.01,1.89,87.0,63.0,24.01
2020-02-06T18:30:00Z,1360.0,5.27,4.03,99.0,65.0,29.11
2020-02-06T18:45:00Z,1360.0,5.1,3.5,99.0,65.0,13.93
2020-02-06T19:00:00Z,1290.0,3.22,4.51,99.0,65.0,13.6
2020-02-06T19:15:00Z,1280.0,0.16,3.67,97.45,64.4,9.71
2020-02-06T19:30:00Z,1280.0,1.43,4.09,82.0,60.0,10.79
2020-02-06T19:45:00Z,1260.0,0.08,3.77,82.0,60.0,7.99
2020-02-06T20:00:00Z,1250.0,0.0,3.79,82.0,60.0,7.54
2020-02-06T20:15:00Z,1220.0,0.0,3.71,83.54,61.02,10.79
2020-02-06T20:30:00Z,1220.0,0.0,2.56,99.0,69.0,15.98
2020-02-06T20:45:00Z,1210.0,0.0,3.0,99.0,69.0,3.94
2020-02-06T21:00:00Z,1170.0,0.0,4.3,99.0,69.0,21.45
2020-02-06T21:15:00Z,1140.0,1.46,3.42,94.72,66.09,37.97
2020-02-06T21:30:00Z,1160.0,0.0,2.68,52.0,44.0,31.49
2020-02-06T21:45:00Z,1150.0,0.0,5.05,52.0,44.0,8.39
2020-02-06T22:45:00Z,1050.0,0.0,3.59,33.0,28.0,13.62
2020-02-06T23:00:00Z,1050.0,0.0,3.35,33.0,28.0,28.19
2020-02-06T23:15:00Z,1100.0,0.0,2.29,32.9,27.9,20.4
2020-02-06T23:30:00Z,1030.0,0.0,2.54,32.0,27.0,13.36
2020-02-06T23:45:00Z,1010.0,0.0,2.12,32.0,27.0,12.51
2020-02-08T00:15:00Z,1190.0,3.25,0.76,82.9,41.85,19.51
2020-02-08T00:30:00Z,1210.0,4.48,1.15,112.0,69.0,11.49
2020-02-08T00:45:00Z,1250.0,5.42,0.96,112.0,69.0,9.92
2020-02-08T01:00:00Z,1270.0,12.24,0.54,112.0,69.0,11.76
2020-02-08T01:15:00Z,1320.0,9.04,0.94,118.36,73.0,19.35
2020-02-08T01:30:00Z,1330.0,5.15,1.42,182.0,111.0,18.66
2020-02-08T01:45:00Z,1370.0,28.2,0.81,182.0,111.0,22.96
2020-02-08T02:00:00Z,1380.0,15.07,1.0,182.0,111.0,24.34
2020-02-08T02:15:00Z,1340.0,14.55,1.08,188.9,111.83,26.4
2020-02-08T02:30:00Z,1280.0,26.34,0.99,258.0,120.0,8.08
2020-02-08T02:45:00Z,1240.0,9.66,2.43,258.0,120.0,27.83
2020-02-08T03:00:00Z,1250.0,9.07,3.24,258.0,120.0,13.49
2020-02-08T03:15:00Z,1260.0,8.52,4.18,249.36,116.38,3.03
2020-02-08T03:30:00Z,1240.0,12.98,6.52,163.0,82.0,9.67
2020-02-08T03:45:00Z,1200.0,3.35,8.37,163.0,82.0,29.71
2020-02-08T04:00:00Z,1160.0,15.02,10.74,163.0,82.0,27.88
2020-02-08T04:15:00Z,1140.0,3.16,13.24,157.9,79.02,16.97
2020-02-08T04:30:00Z,1190.0,15.69,11.04,107.0,50.0,14.33
2020-02-08T04:45:00Z,1140.0,12.94,14.22,107.0,50.0,19.97
2020-02-08T05:00:00Z,1140.0,14.54,17.72,107.0,50.0,41.3
2020-02-08T05:15:00Z,1070.0,25.35,18.6,108.36,49.41,31.74
2020-02-08T05:30:00Z,1170.0,18.34,17.22,117.0,44.0,37.99
2020-02-08T05:45:00Z,1140.0,11.36,19.99,117.0,44.0,10.24
2020-02-08T06:00:00Z,1100.0,19.84,29.97,117.0,44.0,4.63
2020-02-08T06:15:00Z,1230.0,34.37,27.77,121.5,44.0,13.37
2020-02-08T06:30:00Z,1160.0,20.91,32.05,150.0,44.0,19.74
2020-02-08T06:45:00Z,1240.0,21.49,28.34,150.0,44.0,25.43
2020-02-08T07:00:00Z,1210.0,18.17,26.45,150.0,44.0,28.36
2020-02-08T07:15:00Z,1260.0,29.63,22.48,154.5,45.02,27.8
2020-02-08T07:30:00Z,1250.0,16.95,22.13,183.0,55.0,28.43
2020-02-08T07:45:00Z,1210.0,16.07,17.95,183.0,55.0,25.83
2020-02-08T08:00:00Z,1350.0,25.43,12.76,183.0,55.0,26.98
2020-02-08T08:15:00Z,1200.0,21.48,12.62,184.36,54.9,27.0
2020-02-08T08:30:00Z,1200.0,13.56,16.33,193.0,54.0,27.86
2020-02-08T08:45:00Z,1220.0,17.66,14.33,193.0,54.0,25.91
2020-02-08T09:00:00Z,1170.0,23.67,15.33,193.0,54.0,26.59
2020-02-08T09:15:00Z,1190.0,15.62,14.32,193.22,52.23,26.64
2020-02-08T09:30:00Z,1190.0,24.37,11.58,195.0,35.0,27.08
2020-02-08T09:45:00Z,1250.0,24.75,9.88,195.0,35.0,24.01
2020-02-08T10:00:00Z,1320.0,21.61,10.03,195.0,35.0,24.2
2020-02-08T10:15:00Z,1190.0,20.17,13.76,191.93,34.53,21.58
2020-02-08T10:30:00Z,1190.0,28.26,9.27,168.0,30.0,18.03
2020-02-08T10:45:00Z,1150.0,21.5,12.46,168.0,30.0,12.09
2020-02-08T11:00:00Z,1180.0,34.72,12.71,168.0,30.0,8.81
2020-02-08T11:15:00Z,1160.0,30.58,9.48,169.7,29.81,10.59
2020-02-08T11:30:00Z,1150.0,33.64,11.28,183.0,28.0,8.59
2020-02-08T12:15:00Z,1230.0,36.16,9.1,191.75,28.74,25.64
2020-02-08T12:30:00Z,1240.0,4.38,10.09,260.0,36.0,42.23
2020-02-08T12:45:00Z,1160.0,12.21,13.32,260.0,36.0,23.7
2020-02-08T13:00:00Z,1170.0,22.23,11.71,260.0,36.0,13.61
2020-02-08T13:15:00Z,1210.0,21.11,12.87,248.86,35.34,11.11
2020-02-08T13:30:00Z,1140.0,19.04,12.34,162.0,29.0,14.84
2020-02-08T13:45:00Z,1300.0,25.48,8.09,162.0,29.0,23.07
2020-02-08T14:00:00Z,1170.0,18.37,11.24,162.0,29.0,23.8
2020-02-08T14:15:00Z,1190.0,11.46,12.53,160.18,29.09,31.36
2020-02-08T14:45:00Z,1160.0,8.7,11.99,146.0,30.0,28.97
2020-02-08T15:00:00Z,1180.0,10.93,10.53,146.0,30.0,28.32
2020-02-08T15:15:00Z,1200.0,8.26,8.7,143.15,29.9,20.96
2020-02-08T15:30:00Z,1240.0,12.43,6.54,121.0,29.0,27.19
2020-02-08T15:45:00Z,1230.0,16.69,7.42,121.0,29.0,31.23
2020-02-08T16:00:00Z,1270.0,11.55,6.82,121.0,29.0,35.37
2020-02-08T16:15:00Z,1210.0,8.73,7.15,120.18,29.74,37.48
2020-02-08T16:30:00Z,1230.0,8.23,5.72,114.0,37.0,28.47
2020-02-08T16:45:00Z,1210.0,19.62,5.72,114.0,37.0,8.02
2020-02-08T17:00:00Z,1120.0,3.15,8.12,114.0,37.0,4.53
2020-02-08T17:15:00Z,1170.0,5.8,8.6,112.13,37.09,10.87
2020-02-08T17:30:00Z,1120.0,0.98,8.4,98.0,38.0,14.29
2020-02-08T17:45:00Z,1110.0,3.6,7.9,98.0,38.0,23.48
2020-02-08T18:00:00Z,1080.0,0.22,6.09,98.0,38.0,26.67
2020-02-08T18:15:00Z,1050.0,2.11,7.24,94.16,37.34,21.89
2020-02-08T18:30:00Z,1040.0,1.63,4.31,65.0,31.0,23.18
2020-02-08T18:45:00Z,1030.0,0.47,3.49,65.0,31.0,13.64
2020-02-08T19:00:00Z,1050.0,1.92,2.26,65.0,31.0,34.77
2020-02-08T19:15:00Z,1030.0,6.63,1.48,67.61,31.46,29.58
2020-02-08T19:30:00Z,1010.0,5.96,2.62,88.0,36.0,33.14
2020-02-08T19:45:00Z,1000.0,0.16,3.61,88.0,36.0,13.55
2020-02-08T20:00:00Z,990.0,0.0,2.55,88.0,36.0,8.18
2020-02-08T20:15:00Z,1040.0,0.18,1.56,84.04,35.88,16.45
2020-02-08T20:30:00Z,1010.0,8.08,1.3,59.0,35.0,18.91
2020-02-08T20:45:00Z,1010.0,3.47,1.76,59.0,35.0,40.48
2020-02-08T21:00:00Z,1040.0,0.24,2.36,59.0,35.0,30.25
2020-02-08T21:15:00Z,1050.0,5.47,2.61,62.27,36.02,22.62
2020-02-08T21:45:00Z,1060.0,0.0,2.52,83.0,44.0,18.0
2020-02-08T22:15:00Z,1070.0,0.74,0.72,83.27,46.27,22.31
2020-02-08T22:30:00Z,1060.0,0.32,2.57,85.0,64.0,23.05
2020-02-08T22:45:00Z,1060.0,0.4,2.18,85.0,64.0,22.52
2020-02-08T23:00:00Z,1040.0,0.0,2.42,85.0,64.0,21.8
2020-02-08T23:15:00Z,1040.0,0.0,2.42,85.81,63.54,20.98
2020-02-08T23:30:00Z,1010.0,0.53,2.95,91.0,60.0,20.43
2020-02-08T23:45:00Z,1070.0,0.02,1.28,91.0,60.0,20.67
2020-02-09T00:00:00Z,1090.0,0.11,1.27,91.0,60.0,19.85
2020-02-09T00:15:00Z,1120.0,1.94,1.99,92.63,60.93,20.33
2020-02-09T00:30:00Z,1100.0,0.11,2.84,103.0,68.0,20.22
2020-02-09T00:45:00Z,1140.0,0.33,1.7,103.0,68.0,20.45
2020-02-09T01:00:00Z,1150.0,5.25,0.94,103.0,68.0,20.69
2020-02-09T01:15:00Z,1190.0,10.0,1.42,106.68,68.11,22.14
2020-02-09T01:30:00Z,1160.0,12.86,0.9,130.0,69.0,22.35
2020-02-09T01:45:00Z,1160.0,13.52,2.54,130.0,69.0,23.62
2020-02-09T02:00:00Z,1090.0,0.69,4.84,130.0,69.0,21.51
2020-02-09T02:15:00Z,1140.0,7.4,4.57,132.86,69.11,23.02
2020-02-09T02:45:00Z,1100.0,6.63,7.77,151.0,70.0,25.38
2020-02-09T03:00:00Z,1070.0,4.85,9.79,151.0,70.0,24.46
2020-02-09T03:15:00Z,1110.0,11.12,9.76,145.68,69.2,23.53
2020-02-09T03:30:00Z,1090.0,14.98,10.4,112.0,63.0,23.2
2020-02-09T03:45:00Z,1060.0,18.62,10.68,112.0,63.0,26.2
2020-02-09T04:00:00Z,970.0,8.9,14.29,112.0,63.0,36.98
2020-02-09T04:15:00Z,960.0,19.73,14.34,112.0,61.06,24.96
2020-02-09T04:30:00Z,920.0,6.47,15.83,112.0,46.0,25.59
2020-02-09T04:45:00Z,950.0,16.47,16.72,112.0,46.0,32.49
2020-02-09T05:00:00Z,940.0,17.28,18.05,112.0,46.0,34.97
2020-02-09T05:15:00Z,910.0,20.34,17.65,107.5,45.2,31.7
2020-02-09T05:30:00Z,930.0,2.19,21.72,79.0,39.0,24.91
2020-02-09T05:45:00Z,900.0,13.62,29.03,79.0,39.0,19.62
2020-02-09T06:00:00Z,910.0,7.75,25.56,79.0,39.0,20.49
2020-02-09T06:15:00Z,980.0,29.04,20.26,81.31,39.34,15.75
2020-02-09T06:30:00Z,990.0,34.75,22.27,96.0,42.0,17.07
2020-02-09T06:45:00Z,950.0,16.94,32.64,96.0,42.0,25.98
2020-02-09T07:00:00Z,920.0,15.52,27.73,96.0,42.0,24.37
2020-02-09T07:15:00Z,970.0,17.4,29.83,95.18,41.54,36.05
2020-02-09T07:30:00Z,950.0,15.93,31.98,90.0,38.0,34.27
2020-02-09T07:45:00Z,980.0,4.12,37.77,90.0,38.0,16.76
2020-02-09T08:00:00Z,1000.0,11.36,32.39,90.0,38.0,16.61
2020-02-09T08:15:00Z,1050.0,9.64,41.22,92.04,38.0,21.08
2020-02-09T08:30:00Z,1060.0,13.66,35.06,105.0,38.0,23.65
2020-02-09T09:00:00Z,1060.0,29.36,34.28,105.0,38.0,28.89
2020-02-09T09:15:00Z,1120.0,10.46,30.7,109.22,38.0,26.53
2020-02-09T09:30:00Z,1080.0,13.8,31.07,136.0,38.0,28.92
2020-02-09T09:45:00Z,1060.0,18.85,26.99,136.0,38.0,24.44
2020-02-09T10:00:00Z,1130.0,18.44,26.38,136.0,38.0,27.64
2020-02-09T10:15:00Z,1080.0,16.02,27.05,135.59,38.22,25.49
2020-02-09T10:30:00Z,1090.0,24.69,26.41,133.0,40.0,30.98
2020-02-09T11:15:00Z,1040.0,23.39,21.75,136.95,39.88,33.71
2020-02-09T11:30:00Z,1000.0,11.76,28.0,162.0,39.0,26.45
2020-02-09T12:00:00Z,1020.0,30.62,25.95,162.0,39.0,5.27
2020-02-09T12:15:00Z,1050.0,63.33,17.18,163.5,38.77,7.15
2020-02-09T12:30:00Z,1080.0,34.1,22.66,173.0,37.0,0.0
2020-02-09T12:45:00Z,1040.0,16.62,23.86,173.0,37.0,0.52
2020-02-09T13:00:00Z,1000.0,15.97,20.85,173.0,37.0,0.0
2020-02-09T13:15:00Z,1000.0,13.67,15.02,175.59,37.34,5.71
2020-02-09T13:45:00Z,1060.0,14.12,9.01,192.0,40.0,16.57
2020-02-09T14:00:00Z,1090.0,16.18,6.29,192.0,40.0,17.31
2020-02-09T14:15:00Z,1070.0,16.08,4.67,180.95,38.48,0.0
2020-02-09T14:30:00Z,1030.0,11.24,4.84,111.0,27.0,31.76
2020-02-09T14:45:00Z,1100.0,35.55,3.6,111.0,27.0,31.77
2020-02-09T15:00:00Z,1100.0,18.27,4.31,111.0,27.0,22.81
2020-02-09T15:15:00Z,1150.0,12.35,5.72,109.77,26.31,18.31
2020-02-09T15:30:00Z,1080.0,11.93,6.51,102.0,21.0,14.86
2020-02-09T16:00:00Z,1060.0,14.69,4.62,102.0,21.0,5.65
2020-02-09T16:15:00Z,1010.0,10.45,5.93,105.95,21.0,31.91
2020-02-09T16:30:00Z,1060.0,8.53,4.5,131.0,21.0,24.89
2020-02-09T17:00:00Z,990.0,0.93,4.72,131.0,21.0,5.59
2020-02-09T17:15:00Z,980.0,0.0,7.38,124.45,21.34,13.66
2020-02-09T17:30:00Z,990.0,0.0,4.93,83.0,24.0,12.96
2020-02-09T17:45:00Z,1060.0,10.33,1.43,83.0,24.0,20.29
2020-02-09T18:00:00Z,1030.0,18.26,0.77,83.0,24.0,2.93
2020-02-09T18:15:00Z,1020.0,12.84,1.84,85.44,24.74,31.26
2020-02-09T18:30:00Z,1000.0,14.02,4.33,104.0,32.0,22.9
2020-02-09T19:00:00Z,960.0,0.0,7.99,104.0,32.0,35.76
2020-02-09T19:15:00Z,890.0,0.0,9.02,97.31,32.0,23.96
2020-02-09T19:30:00Z,940.0,0.0,8.99,55.0,32.0,6.56
2020-02-09T19:45:00Z,940.0,0.0,9.65,55.0,32.0,3.05
2020-02-09T20:00:00Z,930.0,0.0,9.9,55.0,32.0,0.58
2020-02-09T20:15:00Z,920.0,0.0,9.74,56.77,33.13,20.03
2020-02-09T20:30:00Z,950.0,0.0,8.93,68.0,42.0,23.07
2020-02-09T20:45:00Z,880.0,0.0,7.85,68.0,42.0,22.37
2020-02-09T21:00:00Z,920.0,0.0,5.63,68.0,42.0,6.64
2020-02-09T21:15:00Z,900.0,0.0,6.47,68.13,42.45,36.33
2020-02-09T21:30:00Z,930.0,0.0,6.25,69.0,46.0,20.58
2020-02-09T21:45:00Z,900.0,0.0,5.47,69.0,46.0,6.01
2020-02-09T22:00:00Z,900.0,0.0,4.65,69.0,46.0,27.04
2020-02-09T22:15:00Z,900.0,0.0,5.26,67.77,45.54,30.66
2020-02-09T22:30:00Z,900.0,0.0,4.12,60.0,42.0,13.65
2020-02-09T22:45:00Z,900.0,0.3,4.44,60.0,42.0,6.03
2020-02-09T23:00:00Z,890.0,1.98,4.6,60.0,42.0,3.89
2020-02-09T23:15:00Z,890.0,4.47,3.85,61.9,42.22,25.52
2020-02-09T23:45:00Z,910.0,0.0,3.68,74.0,44.0,25.78
2020-02-10T00:00:00Z,900.0,0.0,2.06,74.0,44.0,15.03
2020-02-10T00:15:00Z,970.0,2.54,2.44,74.81,44.34,7.04
2020-02-10T00:30:00Z,880.0,3.69,3.19,80.0,47.0,5.48
2020-02-10T00:45:00Z,960.0,7.14,1.85,80.0,47.0,15.91
2020-02-10T01:00:00Z,990.0,12.54,1.74,80.0,47.0,16.37
2020-02-10T01:15:00Z,950.0,11.45,2.19,87.9,49.44,21.42
2020-02-10T01:30:00Z,990.0,11.63,2.29,138.0,68.0,21.98
2020-02-10T01:45:00Z,980.0,8.04,3.07,138.0,68.0,16.15
2020-02-10T02:15:00Z,980.0,10.69,3.93,137.31,67.54,34.53
2020-02-10T02:30:00Z,990.0,11.62,4.31,133.0,64.0,22.12
2020-02-10T02:45:00Z,1050.0,19.25,3.77,133.0,64.0,11.44
2020-02-10T03:00:00Z,980.0,3.67,6.76,133.0,64.0,11.77
2020-02-10T03:15:00Z,990.0,3.33,12.59,134.36,63.3,0.0
2020-02-10T03:30:00Z,980.0,3.55,11.84,143.0,58.0,22.32
2020-02-10T03:45:00Z,910.0,8.63,14.44,143.0,58.0,28.39
2020-02-10T04:00:00Z,980.0,6.5,17.28,143.0,58.0,17.34
2020-02-10T04:15:00Z,970.0,2.03,20.47,142.45,56.29,18.75
2020-02-10T04:30:00Z,930.0,9.55,19.27,139.0,43.0,39.6
2020-02-10T04:45:00Z,890.0,14.83,19.27,139.0,43.0,24.96
2020-02-10T05:00:00Z,900.0,5.8,24.39,139.0,43.0,13.5
2020-02-10T05:45:00Z,850.0,3.36,28.72,100.0,33.0,24.52
2020-02-10T06:00:00Z,870.0,4.76,30.17,100.0,33.0,13.39
2020-02-10T06:45:00Z,850.0,2.97,35.18,145.0,38.0,22.18
2020-02-10T07:00:00Z,880.0,7.42,33.37,145.0,38.0,27.56
2020-02-10T07:30:00Z,910.0,8.67,31.18,91.0,33.0,12.96
2020-02-10T07:45:00Z,870.0,14.49,33.96,91.0,33.0,34.94
2020-02-10T08:00:00Z,900.0,18.62,26.6,91.0,33.0,29.06
2020-02-10T08:15:00Z,920.0,31.5,26.78,92.22,33.79,11.89
2020-02-10T08:30:00Z,960.0,18.51,28.9,100.0,40.0,10.27
2020-02-10T08:45:00Z,870.0,16.82,28.83,100.0,40.0,22.08
2020-02-10T09:00:00Z,950.0,15.13,31.93,100.0,40.0,26.15
2020-02-10T09:45:00Z,1070.0,41.69,18.44,108.0,35.0,23.7
2020-02-10T10:00:00Z,1080.0,23.97,22.11,108.0,35.0,25.9
2020-02-10T10:45:00Z,1090.0,36.88,22.03,164.0,38.0,25.5
2020-02-10T11:30:00Z,1160.0,47.6,11.18,171.0,51.0,10.6
2020-02-10T11:45:00Z,1150.0,49.7,10.93,171.0,51.0,9.35
2020-02-10T12:00:00Z,1220.0,58.1,9.31,171.0,51.0,4.53
2020-02-10T12:15:00Z,1200.0,39.99,8.56,168.54,50.31,17.06
2020-02-10T12:30:00Z,1320.0,48.61,6.13,153.0,45.0,10.68
2020-02-10T12:45:00Z,1400.0,56.85,5.67,153.0,45.0,11.35
2020-02-10T13:00:00Z,1570.0,55.11,6.89,153.0,45.0,7.55
2020-02-10T13:15:00Z,1670.0,27.14,5.77,176.59,50.56,17.92
2020-02-10T13:30:00Z,1580.0,57.34,4.32,326.0,94.0,20.64
2020-02-10T13:45:00Z,1500.0,46.24,5.59,326.0,94.0,21.23
2020-02-10T14:00:00Z,1500.0,37.78,4.8,326.0,94.0,23.37
2020-02-10T14:15:00Z,1460.0,34.68,5.74,306.77,90.25,33.01
2020-02-10T14:45:00Z,1450.0,22.7,5.53,185.0,61.0,8.55
2020-02-10T15:00:00Z,1490.0,25.53,4.19,185.0,61.0,7.42
2020-02-10T15:15:00Z,1450.0,11.93,3.69,179.27,59.29,20.21
2020-02-10T15:30:00Z,1490.0,12.19,3.36,143.0,46.0,30.63
2020-02-10T15:45:00Z,1470.0,16.19,2.39,143.0,46.0,40.3
2020-02-10T16:00:00Z,1430.0,17.49,1.98,143.0,46.0,27.92
2020-02-10T16:15:00Z,1440.0,10.18,2.81,142.86,46.45,13.1
2020-02-10T16:30:00Z,1450.0,4.13,2.41,142.0,50.0,7.86
2020-02-10T16:45:00Z,1410.0,9.38,1.19,142.0,50.0,23.74
2020-02-10T17:00:00Z,1420.0,9.69,1.68,142.0,50.0,42.2
2020-02-10T17:15:00Z,1400.0,5.03,1.85,136.54,50.0,28.09
2020-02-10T17:30:00Z,1370.0,2.91,2.03,102.0,50.0,19.51
2020-02-10T17:45:00Z,1370.0,0.0,2.34,102.0,50.0,13.74
2020-02-10T18:00:00Z,1370.0,0.0,3.0,102.0,50.0,12.49
2020-02-10T18:15:00Z,1320.0,0.0,2.93,99.79,50.09,18.92
2020-02-10T18:30:00Z,1310.0,0.0,2.48,83.0,51.0,20.72
2020-02-10T18:45:00Z,1300.0,0.0,3.06,83.0,51.0,23.32
2020-02-10T19:00:00Z,1270.0,0.0,3.78,83.0,51.0,25.85
2020-02-10T19:15:00Z,1230.0,0.0,3.66,81.77,50.88,21.37
2020-02-10T19:30:00Z,1230.0,0.0,3.28,74.0,50.0,19.3
2020-02-10T19:45:00Z,1220.0,0.0,3.6,74.0,50.0,20.21
2020-02-10T20:00:00Z,1180.0,0.0,3.55,74.0,50.0,19.27
2020-02-10T20:15:00Z,1170.0,0.0,3.85,73.59,49.43,25.19
2020-02-10T20:30:00Z,1160.0,0.0,4.34,71.0,45.0,36.61
2020-02-10T20:45:00Z,1160.0,0.0,3.6,71.0,45.0,28.51
2020-02-10T21:00:00Z,1150.0,0.0,3.39,71.0,45.0,26.0
2020-02-10T21:15:00Z,1100.0,0.0,2.71,69.9,44.88,24.22
2020-02-10T21:30:00Z,1090.0,0.0,2.39,63.0,44.0,23.5
2020-02-10T21:45:00Z,1100.0,0.0,2.7,63.0,44.0,24.16
2020-02-10T22:00:00Z,1110.0,0.0,2.22,63.0,44.0,30.19
2020-02-10T22:15:00Z,1070.0,0.0,2.46,63.13,43.88,30.55
2020-02-10T22:30:00Z,1050.0,0.0,1.59,64.0,43.0,18.72
2020-02-10T22:45:00Z,1040.0,0.0,2.36,64.0,43.0,13.18
2020-02-10T23:00:00Z,990.0,0.0,5.86,64.0,43.0,11.26
2020-02-10T23:15:00Z,1010.0,0.0,8.88,64.27,42.65,22.25
2020-02-10T23:30:00Z,970.0,0.5,8.7,66.0,40.0,25.7
2020-02-10T23:45:00Z,960.0,0.4,8.46,66.0,40.0,22.13
2020-02-11T00:00:00Z,980.0,0.1,6.79,66.0,40.0,21.46
2020-02-11T00:15:00Z,970.0,0.0,8.7,66.27,39.54,20.94
2020-02-11T00:30:00Z,1010.0,0.0,4.92,68.0,36.0,18.59
2020-02-11T00:45:00Z,1020.0,3.75,4.3,68.0,36.0,20.36
2020-02-11T01:00:00Z,1060.0,13.68,3.07,68.0,36.0,21.06
2020-02-11T01:15:00Z,1040.0,7.7,3.76,75.22,37.47,22.41
2020-02-11T01:30:00Z,1040.0,17.79,3.51,121.0,49.0,22.46
2020-02-11T01:45:00Z,1070.0,6.73,3.78,121.0,49.0,23.05
2020-02-11T02:00:00Z,1090.0,6.03,5.32,121.0,49.0,21.63
2020-02-11T02:15:00Z,1060.0,5.91,6.6,124.27,50.13,22.96
2020-02-11T02:30:00Z,1040.0,12.0,7.87,145.0,59.0,21.53
2020-02-11T02:45:00Z,1050.0,4.39,8.45,145.0,59.0,22.55
2020-02-11T03:00:00Z,1030.0,9.14,9.68,145.0,59.0,23.36
2020-02-11T03:15:00Z,1010.0,9.25,9.45,140.5,58.2,24.58
2020-02-11T03:30:00Z,1020.0,15.39,14.87,112.0,52.0,24.61
2020-02-11T03:45:00Z,1070.0,7.71,17.96,112.0,52.0,23.48
2020-02-11T04:00:00Z,1040.0,3.71,19.72,112.0,52.0,22.66
2020-02-11T04:15:00Z,1050.0,6.49,21.83,110.77,51.77,22.9
2020-02-11T04:30:00Z,990.0,16.86,20.29,103.0,50.0,21.51
2020-02-11T04:45:00Z,970.0,16.58,23.5,103.0,50.0,23.11
2020-02-11T05:15:00Z,910.0,0.0,28.51,103.68,48.75,24.14
2020-02-11T05:30:00Z,910.0,5.77,26.99,108.0,39.0,22.77
2020-02-11T06:00:00Z,880.0,2.06,33.15,108.0,39.0,22.19
2020-02-11T06:15:00Z,890.0,0.17,27.65,104.31,38.31,23.83
2020-02-11T06:30:00Z,870.0,9.29,26.2,81.0,33.0,23.58
2020-02-11T06:45:00Z,830.0,6.69,31.2,81.0,33.0,24.05
2020-02-11T07:00:00Z,850.0,5.37,29.21,81.0,33.0,23.82
2020-02-11T07:15:00Z,860.0,19.94,27.57,83.72,33.0,26.49
2020-02-11T07:30:00Z,870.0,12.53,37.93,101.0,33.0,31.11
2020-02-11T08:15:00Z,890.0,32.2,30.33,98.4,33.34,30.52
2020-02-11T08:30:00Z,920.0,16.57,29.91,82.0,36.0,32.88
2020-02-11T08:45:00Z,910.0,20.88,28.55,82.0,36.0,29.14
2020-02-11T09:00:00Z,900.0,7.12,31.91,82.0,36.0,31.64
2020-02-11T10:00:00Z,910.0,9.17,34.7,92.0,31.0,29.73
2020-02-11T10:30:00Z,1010.0,33.6,29.55,68.0,25.0,27.79
2020-02-11T10:45:00Z,1060.0,25.47,30.34,68.0,25.0,24.9
2020-02-11T11:00:00Z,1130.0,40.05,22.58,68.0,25.0,26.31
2020-02-11T11:30:00Z,1160.0,51.36,12.58,200.0,48.0,23.48
2020-02-11T12:00:00Z,1270.0,62.9,8.05,200.0,48.0,9.93
2020-02-11T12:15:00Z,1300.0,57.73,6.89,209.27,48.11,10.83
2020-02-11T12:30:00Z,1300.0,52.36,6.37,268.0,49.0,7.41
2020-02-11T12:45:00Z,1310.0,57.77,4.35,268.0,49.0,15.83
2020-02-11T13:00:00Z,1290.0,41.67,6.13,268.0,49.0,13.06
2020-02-11T13:15:00Z,1500.0,72.35,3.3,269.36,48.88,16.12
2020-02-11T13:30:00Z,1550.0,50.37,4.14,278.0,48.0,13.8
2020-02-11T13:45:00Z,1510.0,36.72,4.35,278.0,48.0,24.03
2020-02-11T14:00:00Z,1450.0,33.66,3.33,278.0,48.0,30.33
2020-02-11T14:15:00Z,1410.0,46.38,2.99,271.86,49.81,30.99
2020-02-11T14:30:00Z,1410.0,13.83,2.69,233.0,64.0,32.34
2020-02-11T15:00:00Z,1410.0,16.51,4.14,233.0,64.0,26.26
2020-02-11T15:15:00Z,1420.0,27.15,3.41,232.88,65.47,23.77
2020-02-11T15:30:00Z,1440.0,30.07,2.71,232.0,77.0,24.95
2020-02-11T15:45:00Z,1450.0,18.2,2.42,232.0,77.0,28.87
2020-02-11T16:00:00Z,1430.0,1.85,2.91,232.0,77.0,4.93
2020-02-11T16:15:00Z,1400.0,3.54,2.05,220.6,76.54,31.07
2020-02-11T16:30:00Z,1390.0,0.84,2.6,134.0,73.0,37.76
2020-02-11T16:45:00Z,1430.0,0.0,1.75,134.0,73.0,28.58
2020-02-11T17:00:00Z,1390.0,0.09,2.31,134.0,73.0,37.45
2020-02-11T17:15:00Z,1430.0,0.0,1.55,133.45,73.11,41.28
2020-02-11T17:45:00Z,1390.0,0.75,1.65,130.0,74.0,21.65
2020-02-11T18:00:00Z,1390.0,3.6,1.19,130.0,74.0,19.91
2020-02-11T18:15:00Z,1390.0,4.14,1.06,133.6,75.02,22.16
2020-02-11T18:30:00Z,1370.0,4.97,1.7,161.0,85.0,29.56
2020-02-11T18:45:00Z,1370.0,1.24,0.87,161.0,85.0,31.48
2020-02-11T19:00:00Z,1340.0,1.54,1.83,161.0,85.0,34.41
2020-02-11T19:15:00Z,1290.0,0.0,3.95,154.44,84.09,28.53
2020-02-11T19:30:00Z,1230.0,2.47,4.34,114.0,77.0,28.85
2020-02-11T19:45:00Z,1220.0,4.88,3.52,114.0,77.0,29.27
2020-02-11T20:00:00Z,1190.0,0.07,4.51,114.0,77.0,29.76
2020-02-11T20:15:00Z,1170.0,2.1,2.78,111.4,74.38,27.4
2020-02-11T20:30:00Z,1170.0,4.16,2.98,95.0,54.0,27.11
2020-02-11T20:45:00Z,1180.0,2.43,2.69,95.0,54.0,24.89
2020-02-11T21:00:00Z,1240.0,8.79,2.34,95.0,54.0,23.88
2020-02-11T21:15:00Z,1270.0,1.31,3.39,95.68,54.11,27.96
2020-02-11T21:45:00Z,1170.0,3.59,3.21,100.0,55.0,30.0
2020-02-11T22:00:00Z,1160.0,0.07,3.34,100.0,55.0,28.96
2020-02-11T22:15:00Z,1200.0,2.49,3.56,99.04,55.11,27.1
2020-02-11T22:30:00Z,1190.0,5.74,2.78,93.0,56.0,31.28
2020-02-11T22:45:00Z,1190.0,9.66,1.76,93.0,56.0,29.3
2020-02-11T23:00:00Z,1210.0,10.87,1.83,93.0,56.0,27.28
2020-02-11T23:15:00Z,1200.0,6.98,1.28,97.18,58.38,25.4
2020-02-11T23:30:00Z,1210.0,14.81,1.35,129.0,77.0,28.37
2020-02-11T23:45:00Z,1220.0,11.48,1.49,129.0,77.0,25.05
2020-02-12T00:00:00Z,1210.0,9.54,2.04,129.0,77.0,27.05
2020-02-12T00:45:00Z,1310.0,11.42,2.27,128.0,68.0,25.32
2020-02-12T01:00:00Z,1300.0,14.45,1.54,128.0,68.0,21.68
2020-02-12T01:30:00Z,1390.0,57.89,1.54,182.0,88.0,12.22
2020-02-12T01:45:00Z,1370.0,33.63,1.89,182.0,88.0,13.09
2020-02-12T02:00:00Z,1350.0,20.47,4.11,182.0,88.0,12.62
2020-02-12T02:15:00Z,1270.0,11.34,6.38,189.36,88.45,11.75
2020-02-12T02:30:00Z,1290.0,17.73,6.85,236.0,92.0,3.8
2020-02-12T02:45:00Z,1260.0,16.49,7.37,236.0,92.0,9.39
2020-02-12T03:00:00Z,1210.0,34.82,5.52,236.0,92.0,10.46
2020-02-12T03:15:00Z,1260.0,15.48,7.21,222.5,88.59,17.03
2020-02-12T03:30:00Z,1190.0,8.52,12.53,137.0,62.0,21.31
2020-02-12T03:45:00Z,1170.0,5.71,20.31,137.0,62.0,21.07
2020-02-12T04:00:00Z,1130.0,12.79,21.56,137.0,62.0,19.08
2020-02-12T04:15:00Z,1110.0,11.92,17.47,134.0,60.32,17.59
2020-02-12T04:30:00Z,1070.0,30.05,20.47,115.0,44.0,15.54
2020-02-12T04:45:00Z,1190.0,26.73,18.64,115.0,44.0,18.19
2020-02-12T05:00:00Z,1160.0,30.91,20.57,115.0,44.0,18.06
2020-02-12T05:15:00Z,1170.0,18.48,30.83,118.68,43.77,20.77
2020-02-12T05:45:00Z,1090.0,17.44,30.05,142.0,42.0,25.13
2020-02-12T06:15:00Z,1040.0,33.68,32.02,135.72,41.2,27.93
2020-02-12T06:45:00Z,1060.0,13.99,34.41,96.0,35.0,27.04
2020-02-12T07:00:00Z,980.0,19.1,32.8,96.0,35.0,28.28
2020-02-12T07:15:00Z,950.0,14.56,37.4,96.34,34.88,26.65
2020-02-12T07:45:00Z,1060.0,24.11,32.63,99.0,34.0,30.35
2020-02-12T08:00:00Z,1070.0,13.63,28.88,99.0,34.0,31.34
2020-02-12T08:15:00Z,1040.0,17.32,34.3,98.53,33.34,25.94
2020-02-12T08:30:00Z,1050.0,22.72,34.55,95.0,27.0,22.36
2020-02-12T08:45:00Z,1060.0,12.67,37.2,95.0,27.0,21.11
2020-02-12T09:45:00Z,1050.0,12.65,28.28,78.0,27.0,23.82
2020-02-12T10:00:00Z,1090.0,20.81,31.23,78.0,27.0,26.07
2020-02-12T10:15:00Z,1090.0,9.94,31.13,80.2,27.79,24.09
2020-02-12T10:30:00Z,1120.0,15.57,28.34,97.0,34.0,27.28
2020-02-12T10:45:00Z,1210.0,43.18,21.2,97.0,34.0,24.71
2020-02-12T11:45:00Z,1440.0,44.05,14.57,173.0,42.0,20.65
2020-02-12T12:00:00Z,1560.0,54.79,8.9,173.0,42.0,23.32
2020-02-12T12:15:00Z,1440.0,53.87,9.38,178.0,43.39,22.69
2020-02-12T12:30:00Z,1570.0,49.7,8.91,216.0,57.0,20.78
2020-02-12T12:45:00Z,1500.0,52.09,10.7,216.0,57.0,19.43
2020-02-12T13:00:00Z,1560.0,51.13,7.83,216.0,57.0,18.5
2020-02-12T13:15:00Z,1670.0,54.75,6.09,216.34,57.37,21.13
2020-02-12T13:30:00Z,1630.0,55.77,6.51,219.0,61.0,20.25
2020-02-12T13:45:00Z,1560.0,50.16,7.09,219.0,61.0,20.33
2020-02-12T14:00:00Z,1590.0,18.62,8.74,219.0,61.0,19.57
2020-02-12T14:15:00Z,1510.0,28.5,6.95,212.48,60.25,20.07
2020-02-12T14:30:00Z,1510.0,26.38,7.7,163.0,53.0,21.14
2020-02-12T15:00:00Z,1480.0,22.6,6.01,163.0,53.0,11.38
2020-02-12T15:15:00Z,1500.0,14.8,7.53,157.76,52.53,17.42
2020-02-12T15:30:00Z,1530.0,14.98,3.04,118.0,48.0,21.96
2020-02-12T15:45:00Z,1520.0,16.55,3.02,118.0,48.0,27.19
2020-02-12T16:00:00Z,1530.0,9.5,2.41,118.0,48.0,31.87
2020-02-12T16:15:00Z,1540.0,10.28,3.01,121.6,49.04,28.82
2020-02-12T16:45:00Z,1650.0,13.32,1.24,149.0,59.0,25.49
2020-02-12T17:00:00Z,1660.0,18.4,1.13,149.0,59.0,26.24
2020-02-12T17:15:00Z,1720.0,16.16,1.63,151.32,61.47,25.6
2020-02-12T17:30:00Z,1620.0,12.69,1.19,169.0,85.0,25.25
2020-02-12T17:45:00Z,1590.0,12.15,1.12,169.0,85.0,24.8
2020-02-12T18:00:00Z,1580.0,15.91,1.01,169.0,85.0,24.63
2020-02-12T18:15:00Z,1550.0,14.44,1.75,165.97,86.33,23.76
2020-02-12T18:30:00Z,1530.0,2.45,1.8,143.0,99.0,25.56
2020-02-12T18:45:00Z,1480.0,0.0,2.19,143.0,99.0,24.64
2020-02-12T19:00:00Z,1450.0,1.54,2.09,143.0,99.0,23.2
2020-02-12T19:15:00Z,1420.0,0.77,3.13,138.95,96.61,23.49
2020-02-12T19:30:00Z,1410.0,0.0,2.83,109.0,74.0,23.93
2020-02-12T19:45:00Z,1390.0,0.0,2.6,109.0,74.0,23.46
2020-02-12T20:00:00Z,1380.0,0.0,2.34,109.0,74.0,23.13
2020-02-12T20:15:00Z,1360.0,0.0,2.12,107.13,73.34,20.91
2020-02-12T20:30:00Z,1330.0,0.0,2.61,93.0,67.0,22.36
2020-02-12T20:45:00Z,1330.0,0.0,2.21,93.0,67.0,21.01
2020-02-12T21:00:00Z,1360.0,0.0,1.47,93.0,67.0,22.05
2020-02-12T21:15:00Z,1300.0,0.0,2.58,91.6,65.13,20.92
2020-02-12T21:45:00Z,1280.0,0.0,1.76,81.0,47.0,22.4
2020-02-12T22:00:00Z,1260.0,0.0,1.92,81.0,47.0,23.54
2020-02-12T22:15:00Z,1260.0,0.0,2.49,82.16,47.37,23.21
2020-02-12T22:30:00Z,1270.0,0.0,2.37,91.0,51.0,23.12
2020-02-12T22:45:00Z,1250.0,0.0,2.82,91.0,51.0,22.69
2020-02-12T23:00:00Z,1240.0,0.0,2.71,91.0,51.0,22.55
2020-02-12T23:15:00Z,1240.0,9.77,2.03,89.95,51.46,22.68
2020-02-12T23:30:00Z,1210.0,0.0,1.69,82.0,56.0,24.72
2020-02-12T23:45:00Z,1240.0,0.46,1.15,82.0,56.0,23.26
2020-02-13T00:15:00Z,1230.0,0.03,1.29,85.37,56.74,21.94
2020-02-13T00:45:00Z,1230.0,1.3,1.46,111.0,64.0,21.31
2020-02-13T01:00:00Z,1240.0,5.26,1.49,111.0,64.0,19.8
2020-02-13T01:30:00Z,1270.0,5.78,2.01,130.0,81.0,20.86
2020-02-13T01:45:00Z,1290.0,4.4,3.18,130.0,81.0,21.45
2020-02-13T02:00:00Z,1300.0,6.01,2.73,130.0,81.0,22.24
2020-02-13T02:15:00Z,1300.0,7.4,3.9,132.44,80.81,19.91
2020-02-13T02:30:00Z,1300.0,9.77,5.53,151.0,79.0,21.53
2020-02-13T02:45:00Z,1260.0,10.94,7.61,151.0,79.0,20.75
2020-02-13T03:00:00Z,1310.0,23.95,7.17,151.0,79.0,21.38
2020-02-13T03:15:00Z,1310.0,13.69,15.3,149.25,77.32,20.52
2020-02-13T03:30:00Z,1270.0,30.5,12.77,136.0,61.0,21.57
2020-02-13T03:45:00Z,1230.0,11.32,12.98,136.0,61.0,22.56
2020-02-13T04:00:00Z,1230.0,13.14,15.0,136.0,61.0,24.67
2020-02-13T04:30:00Z,1180.0,24.94,21.54,125.0,57.0,23.42
2020-02-13T04:45:00Z,1140.0,22.24,26.04,125.0,57.0,23.93
2020-02-13T05:00:00Z,1180.0,27.9,22.91,125.0,57.0,26.14
2020-02-13T05:45:00Z,1060.0,31.99,25.29,152.0,58.0,22.85
2020-02-13T06:00:00Z,1050.0,22.48,28.64,152.0,58.0,21.99
2020-02-13T06:15:00Z,1050.0,1.47,34.97,148.39,56.79,21.18
2020-02-13T06:30:00Z,1040.0,12.75,32.88,121.0,45.0,21.77
2020-02-13T06:45:00Z,1010.0,5.87,37.56,121.0,45.0,21.63
2020-02-13T07:00:00Z,1020.0,12.25,28.83,121.0,45.0,20.43
2020-02-13T07:15:00Z,1010.0,19.2,33.04,119.02,44.81,20.72
2020-02-13T07:30:00Z,1020.0,23.69,32.23,104.0,43.0,21.78
2020-02-13T07:45:00Z,990.0,13.44,35.3,104.0,43.0,21.23
2020-02-13T08:00:00Z,1160.0,33.18,38.22,104.0,43.0,22.11
2020-02-13T08:15:00Z,1170.0,31.6,37.51,106.9,43.93,23.64
2020-02-13T08:30:00Z,1170.0,29.97,32.44,129.0,53.0,25.4
2020-02-13T08:45:00Z,1160.0,29.65,35.4,129.0,53.0,25.6
2020-02-13T09:00:00Z,1240.0,31.8,34.39,129.0,53.0,25.46
2020-02-13T09:15:00Z,1260.0,30.65,34.71,133.65,53.37,23.46
2020-02-13T09:30:00Z,1240.0,44.36,32.33,169.0,57.0,23.4
2020-02-13T09:45:00Z,1250.0,27.66,32.1,169.0,57.0,22.99
2020-02-13T10:00:00Z,1220.0,22.7,32.25,169.0,57.0,23.51
2020-02-13T10:15:00Z,1260.0,27.87,31.43,165.51,56.44,23.54
2020-02-13T10:30:00Z,1290.0,40.33,30.47,139.0,51.0,22.41
2020-02-13T10:45:00Z,1240.0,47.19,25.44,139.0,51.0,20.77
2020-02-13T11:15:00Z,1270.0,36.61,22.25,145.39,51.09,20.39
2020-02-13T11:30:00Z,1320.0,52.76,18.98,194.0,52.0,20.9
2020-02-13T11:45:00Z,1480.0,49.17,16.25,194.0,52.0,20.31
2020-02-13T12:15:00Z,1480.0,47.15,16.73,193.76,51.9,19.77
2020-02-13T12:30:00Z,1490.0,49.56,13.56,192.0,51.0,16.82
2020-02-13T12:45:00Z,1430.0,47.8,12.44,192.0,51.0,15.0
2020-02-13T13:15:00Z,1450.0,47.76,9.82,194.67,51.55,15.94
2020-02-13T13:30:00Z,1530.0,59.96,10.55,215.0,57.0,15.47
2020-02-13T13:45:00Z,1450.0,40.04,9.91,215.0,57.0,18.14
2020-02-13T14:00:00Z,1410.0,35.78,9.14,215.0,57.0,18.78
2020-02-13T14:15:00Z,1430.0,34.42,5.85,210.23,57.83,20.28
2020-02-13T14:30:00Z,1420.0,33.57,6.88,174.0,66.0,21.03
2020-02-13T15:00:00Z,1420.0,32.3,5.37,174.0,66.0,20.27
2020-02-13T15:45:00Z,1440.0,11.7,5.63,156.0,52.0,21.36
2020-02-13T16:00:00Z,1440.0,6.2,4.16,156.0,52.0,21.11
2020-02-13T16:15:00Z,1430.0,5.41,4.96,151.46,51.12,21.93
2020-02-13T16:30:00Z,1420.0,4.36,3.83,117.0,43.0,22.91
2020-02-13T16:45:00Z,1390.0,1.7,3.5,117.0,43.0,22.09
2020-02-13T17:00:00Z,1390.0,0.55,3.48,117.0,43.0,21.34
2020-02-13T17:15:00Z,1370.0,0.0,3.27,114.79,42.16,21.91
2020-02-13T17:30:00Z,1310.0,0.0,2.82,98.0,34.0,21.88
2020-02-13T17:45:00Z,1330.0,0.0,3.12,98.0,34.0,21.36
2020-02-13T18:00:00Z,1330.0,0.0,2.36,98.0,34.0,20.54
2020-02-13T18:15:00Z,1300.0,0.64,2.38,94.74,34.0,20.82
2020-02-13T18:45:00Z,1260.0,0.0,1.61,70.0,34.0,20.4
2020-02-13T19:00:00Z,1270.0,0.0,1.64,70.0,34.0,19.7
2020-02-13T19:15:00Z,1230.0,0.0,1.74,70.11,35.3,20.66
2020-02-13T19:45:00Z,1220.0,0.0,1.39,71.0,48.0,20.57
2020-02-13T20:00:00Z,1220.0,0.0,0.68,71.0,48.0,20.6
2020-02-13T20:15:00Z,1190.0,0.0,1.92,71.93,47.9,21.6
2020-02-13T20:30:00Z,1200.0,0.0,1.39,79.0,47.0,19.85
2020-02-13T20:45:00Z,1190.0,0.0,1.87,79.0,47.0,20.35
2020-02-13T21:00:00Z,1150.0,0.0,2.04,79.0,47.0,19.25
2020-02-13T21:15:00Z,1150.0,0.0,1.37,79.46,48.11,20.41
2020-02-13T21:45:00Z,1150.0,0.0,2.58,83.0,59.0,21.54
2020-02-13T22:00:00Z,1140.0,0.0,2.35,83.0,59.0,20.94
2020-02-13T22:15:00Z,1120.0,0.0,1.46,85.67,59.27,20.69
2020-02-13T22:30:00Z,1120.0,0.0,1.5,106.0,62.0,21.51
2020-02-13T22:45:00Z,1140.0,0.0,2.04,106.0,62.0,22.26
2020-02-13T23:00:00Z,1130.0,0.0,2.07,106.0,62.0,22.83
2020-02-13T23:15:00Z,1170.0,0.0,1.98,106.46,64.04,22.01
2020-02-13T23:30:00Z,1130.0,0.0,1.56,110.0,84.0,23.24
2020-02-13T23:45:00Z,1150.0,0.0,1.06,110.0,84.0,22.2
2020-02-14T00:15:00Z,1190.0,0.0,1.12,111.51,85.2,22.08
2020-02-14T00:30:00Z,1210.0,0.0,0.99,123.0,97.0,22.26
2020-02-14T00:45:00Z,1210.0,0.0,1.23,123.0,97.0,21.91
2020-02-14T01:00:00Z,1220.0,0.0,0.96,123.0,97.0,20.88
2020-02-14T01:15:00Z,1170.0,0.0,1.69,126.25,97.74,20.87
2020-02-14T01:30:00Z,1190.0,0.0,0.92,151.0,105.0,21.61
2020-02-14T01:45:00Z,1220.0,0.34,1.26,151.0,105.0,20.84
2020-02-14T02:00:00Z,1240.0,0.0,1.12,151.0,105.0,20.81
2020-02-14T02:15:00Z,1220.0,0.0,1.87,152.16,104.53,20.86
2020-02-14T02:30:00Z,1220.0,1.85,1.88,161.0,100.0,21.25
2020-02-14T02:45:00Z,1210.0,0.64,1.93,161.0,100.0,20.82
2020-02-14T03:00:00Z,1240.0,0.36,2.08,161.0,100.0,20.94
2020-02-14T03:30:00Z,1280.0,2.87,8.28,166.0,86.0,22.64
2020-02-14T03:45:00Z,1300.0,13.79,10.66,166.0,86.0,22.18
2020-02-14T04:00:00Z,1220.0,2.1,18.7,166.0,86.0,23.47
2020-02-14T04:15:00Z,1220.0,6.98,17.68,163.55,85.06,22.51
2020-02-14T04:30:00Z,1220.0,2.59,19.94,145.0,76.0,22.18
2020-02-14T04:45:00Z,1180.0,23.69,22.17,145.0,76.0,19.55
2020-02-14T05:00:00Z,1160.0,13.44,25.82,145.0,76.0,19.34
2020-02-14T05:15:00Z,1150.0,4.85,28.13,142.02,74.13,20.41
2020-02-14T05:30:00Z,1230.0,7.66,25.34,120.0,56.0,19.6
2020-02-14T05:45:00Z,1280.0,17.52,27.54,120.0,56.0,20.86
2020-02-14T06:15:00Z,1250.0,23.58,22.79,125.34,56.68,20.8
2020-02-14T06:30:00Z,1230.0,13.22,20.01,166.0,62.0,19.41
2020-02-14T06:45:00Z,1230.0,23.9,17.99,166.0,62.0,20.59
2020-02-14T07:00:00Z,1220.0,22.05,17.12,166.0,62.0,20.36
2020-02-14T07:15:00Z,1240.0,20.83,15.08,166.11,60.86,20.41
2020-02-14T07:30:00Z,1250.0,25.44,13.34,167.0,52.0,20.18
2020-02-14T07:45:00Z,1210.0,13.55,16.53,167.0,52.0,22.08
2020-02-14T08:00:00Z,1250.0,22.59,19.9,167.0,52.0,21.77
2020-02-14T08:15:00Z,1230.0,15.51,19.26,165.77,51.09,21.06
2020-02-14T08:45:00Z,1240.0,9.97,19.76,158.0,44.0,23.36
2020-02-14T09:15:00Z,1300.0,36.84,19.53,158.81,43.63,25.28
2020-02-14T09:45:00Z,1330.0,26.69,18.51,164.0,40.0,23.79
2020-02-14T10:00:00Z,1310.0,22.24,20.65,164.0,40.0,23.59
2020-02-14T10:15:00Z,1360.0,24.47,22.13,163.86,39.81,21.73
2020-02-14T10:45:00Z,1400.0,41.43,18.53,163.0,38.0,22.07
2020-02-14T11:00:00Z,1410.0,39.05,17.78,163.0,38.0,22.18
2020-02-14T11:15:00Z,1390.0,39.99,16.28,170.22,39.0,20.5
2020-02-14T11:45:00Z,1520.0,31.51,16.45,216.0,49.0,20.13
2020-02-14T12:00:00Z,1530.0,49.61,13.33,216.0,49.0,19.55
2020-02-14T12:15:00Z,1560.0,37.49,12.04,213.5,49.18,19.95
2020-02-14T12:45:00Z,1580.0,30.61,11.23,194.0,51.0,18.08
2020-02-14T13:45:00Z,1640.0,33.48,9.93,183.0,49.0,15.57
2020-02-14T14:15:00Z,1520.0,40.01,6.42,183.68,49.81,19.26
2020-02-14T15:00:00Z,1560.0,32.3,6.11,189.0,58.0,22.21
2020-02-14T15:15:00Z,1560.0,33.43,5.76,186.5,57.53,21.37
2020-02-14T16:15:00Z,1540.0,6.31,7.67,161.77,52.81,20.53
2020-02-14T17:00:00Z,1530.0,13.28,2.62,121.0,51.0,21.65
2020-02-14T17:45:00Z,1490.0,2.17,2.46,134.0,68.0,21.28
2020-02-14T18:15:00Z,1510.0,6.87,1.39,135.62,68.27,21.08
2020-02-14T18:45:00Z,1440.0,1.36,0.45,148.0,71.0,21.34
2020-02-14T19:00:00Z,1480.0,5.13,0.71,148.0,71.0,20.59
2020-02-14T19:15:00Z,1450.0,1.18,1.14,141.75,71.18,20.39
2020-02-14T19:30:00Z,1410.0,3.36,1.25,93.0,73.0,20.64
2020-02-14T20:00:00Z,1380.0,0.94,1.03,93.0,73.0,21.47
2020-02-14T20:30:00Z,1340.0,0.96,1.31,94.0,61.0,20.95
2020-02-14T20:45:00Z,1330.0,0.0,1.96,94.0,61.0,21.03
2020-02-14T21:00:00Z,1310.0,0.0,1.53,94.0,61.0,21.81
2020-02-14T21:15:00Z,1290.0,0.0,1.47,91.32,60.81,20.65
2020-02-14T21:45:00Z,1280.0,0.0,1.34,71.0,59.0,21.67
2020-02-14T22:00:00Z,1290.0,0.0,1.2,71.0,59.0,22.1
2020-02-14T22:15:00Z,1250.0,0.0,1.8,72.93,58.81,22.28
2020-02-14T22:30:00Z,1230.0,0.0,1.26,88.0,57.0,21.25
2020-02-14T22:45:00Z,1230.0,0.0,1.07,88.0,57.0,20.69
2020-02-14T23:00:00Z,1220.0,0.0,1.25,88.0,57.0,21.99
2020-02-14T23:15:00Z,1200.0,0.0,0.96,89.7,56.81,19.84
2020-02-14T23:30:00Z,1220.0,0.0,1.42,103.0,55.0,18.36
2020-02-14T23:45:00Z,1180.0,0.0,1.11,103.0,55.0,18.51
2020-02-15T00:00:00Z,1210.0,0.0,0.88,103.0,55.0,19.35
2020-02-15T00:15:00Z,1220.0,0.0,1.15,102.2,55.54,20.44
2020-02-15T00:30:00Z,1170.0,0.0,1.21,96.0,61.0,21.62
2020-02-15T00:45:00Z,1220.0,1.42,0.97,96.0,61.0,22.62
2020-02-15T01:00:00Z,1210.0,0.0,1.12,96.0,61.0,22.1
2020-02-15T01:15:00Z,1210.0,0.0,0.98,96.9,61.27,21.33
2020-02-15T01:30:00Z,1170.0,0.0,1.1,104.0,64.0,21.02
2020-02-15T01:45:00Z,1190.0,10.77,1.6,104.0,64.0,21.3
2020-02-15T02:30:00Z,1170.0,0.52,0.84,165.0,89.0,21.44
2020-02-15T02:45:00Z,1250.0,9.26,0.93,165.0,89.0,21.51
2020-02-15T03:00:00Z,1250.0,0.0,1.91,165.0,89.0,20.97
2020-02-15T03:15:00Z,1260.0,9.18,1.77,166.51,90.76,21.04
2020-02-15T03:30:00Z,1260.0,0.46,1.95,178.0,108.0,22.06
2020-02-15T03:45:00Z,1230.0,1.9,1.7,178.0,108.0,22.45
2020-02-15T04:00:00Z,1260.0,0.15,2.04,178.0,108.0,23.02
2020-02-15T04:15:00Z,1260.0,0.0,1.68,176.48,106.41,22.08
2020-02-15T04:30:00Z,1230.0,0.0,1.54,165.0,91.0,22.34
2020-02-15T05:00:00Z,1240.0,0.0,3.07,165.0,91.0,21.75
2020-02-15T05:15:00Z,1220.0,0.11,3.61,163.18,89.04,19.85
2020-02-15T05:45:00Z,1180.0,0.02,4.45,149.0,70.0,19.5
2020-02-15T06:00:00Z,1180.0,1.36,5.12,149.0,70.0,19.3
2020-02-15T07:15:00Z,1270.0,12.3,3.89,175.59,85.0,21.17
2020-02-15T08:00:00Z,1260.0,10.0,4.74,188.0,85.0,22.1
2020-02-15T08:15:00Z,1260.0,12.13,4.36,185.61,82.39,22.27
2020-02-15T08:30:00Z,1290.0,9.22,4.06,167.0,57.0,22.87
2020-02-15T08:45:00Z,1320.0,11.34,3.71,167.0,57.0,22.74
2020-02-15T09:00:00Z,1360.0,9.96,3.83,167.0,57.0,24.41
2020-02-15T09:15:00Z,1360.0,6.94,2.64,170.02,57.46,24.9
2020-02-15T09:30:00Z,1350.0,10.72,3.27,193.0,62.0,25.06
2020-02-15T09:45:00Z,1380.0,2.1,2.82,193.0,62.0,25.22
2020-02-15T10:00:00Z,1360.0,5.92,3.6,193.0,62.0,23.22
2020-02-15T10:15:00Z,1390.0,11.62,6.05,190.9,61.34,23.67
2020-02-15T10:30:00Z,1280.0,20.4,13.13,175.0,55.0,22.55
2020-02-15T10:45:00Z,1260.0,29.2,20.72,175.0,55.0,22.48
2020-02-15T11:00:00Z,1440.0,35.17,19.59,175.0,55.0,21.9
2020-02-15T11:15:00Z,1510.0,36.85,16.87,175.46,55.46,20.96
2020-02-15T11:30:00Z,1510.0,44.34,13.4,179.0,60.0,20.8
2020-02-15T11:45:00Z,1600.0,34.19,12.33,179.0,60.0,19.53
2020-02-15T12:45:00Z,1590.0,27.32,8.15,161.0,51.0,17.78
2020-02-15T13:00:00Z,1700.0,30.77,7.06,161.0,51.0,16.21
2020-02-15T13:15:00Z,1590.0,33.78,6.88,164.13,50.16,12.32
2020-02-15T13:30:00Z,1580.0,30.8,4.58,188.0,42.0,10.21
2020-02-15T13:45:00Z,1660.0,29.07,3.07,188.0,42.0,10.98
2020-02-15T14:00:00Z,1630.0,29.43,4.12,188.0,42.0,11.45
2020-02-15T14:15:00Z,1570.0,28.02,4.79,183.81,41.9,14.93
2020-02-15T14:30:00Z,1570.0,23.3,4.11,152.0,41.0,16.94
2020-02-15T14:45:00Z,1560.0,20.81,5.56,152.0,41.0,19.19
2020-02-15T15:00:00Z,1570.0,18.46,4.6,152.0,41.0,22.16
2020-02-15T15:45:00Z,1580.0,11.91,3.19,114.0,48.0,19.34
2020-02-15T16:00:00Z,1540.0,7.99,3.74,114.0,48.0,19.64
2020-02-15T16:15:00Z,1520.0,1.68,3.6,112.02,46.69,18.8
2020-02-15T17:00:00Z,1500.0,2.7,2.07,97.0,34.0,24.61
2020-02-15T17:15:00Z,1480.0,0.0,2.45,98.74,34.18,23.18
2020-02-15T17:45:00Z,1460.0,0.0,2.31,112.0,36.0,18.72
2020-02-15T18:00:00Z,1450.0,0.0,1.94,112.0,36.0,20.44
2020-02-15T18:15:00Z,1380.0,0.0,1.92,108.86,35.52,20.91
2020-02-15T18:30:00Z,1380.0,0.0,1.78,85.0,31.0,21.48
2020-02-15T18:45:00Z,1380.0,0.0,2.27,85.0,31.0,20.38
2020-02-15T19:00:00Z,1300.0,0.0,1.8,85.0,31.0,21.53
2020-02-15T19:15:00Z,1280.0,0.0,1.84,83.75,30.53,22.15
2020-02-15T19:30:00Z,1320.0,0.0,1.83,74.0,26.0,21.98
2020-02-15T19:45:00Z,1310.0,0.0,1.87,74.0,26.0,16.82
2020-02-15T20:00:00Z,1270.0,0.0,2.01,74.0,26.0,1.12
2020-02-15T20:15:00Z,1240.0,0.0,1.91,72.83,26.09,4.27
2020-02-15T20:30:00Z,1230.0,0.0,1.6,64.0,27.0,5.66
2020-02-15T20:45:00Z,1230.0,0.0,1.35,64.0,27.0,11.94
2020-02-15T21:15:00Z,1150.0,0.0,1.67,63.41,28.14,17.84
2020-02-15T22:00:00Z,1140.0,0.0,1.36,59.0,39.0,18.14
2020-02-15T22:30:00Z,1140.0,0.0,1.3,66.0,46.0,21.81
2020-02-15T22:45:00Z,1080.0,0.0,1.66,66.0,46.0,20.8
2020-02-15T23:00:00Z,1080.0,0.0,1.62,66.0,46.0,21.28
2020-02-15T23:15:00Z,1080.0,0.0,1.84,66.69,46.09,20.26
2020-02-15T23:30:00Z,1070.0,0.0,1.56,72.0,47.0,17.86
2020-02-16T00:00:00Z,1070.0,0.0,1.55,72.0,47.0,22.59
2020-02-16T00:15:00Z,1070.0,0.0,1.6,72.69,47.55,19.99
2020-02-16T00:30:00Z,1060.0,0.0,1.4,78.0,53.0,18.75
2020-02-16T00:45:00Z,1060.0,0.0,1.53,78.0,53.0,18.18
2020-02-16T01:00:00Z,1100.0,0.0,0.84,78.0,53.0,17.58
2020-02-16T01:15:00Z,1100.0,0.0,1.2,80.67,54.95,18.26
2020-02-16T01:30:00Z,1120.0,0.0,1.21,101.0,74.0,19.44
2020-02-16T01:45:00Z,1110.0,0.0,1.08,101.0,74.0,21.44
2020-02-16T02:00:00Z,1090.0,0.0,1.41,101.0,74.0,22.77
2020-02-16T02:15:00Z,1110.0,0.0,1.25,103.09,74.37,23.04
2020-02-16T02:30:00Z,1090.0,0.0,1.28,119.0,78.0,24.07
2020-02-16T02:45:00Z,1100.0,0.0,1.88,119.0,78.0,24.58
2020-02-16T03:00:00Z,1090.0,0.0,2.24,119.0,78.0,30.85
2020-02-16T03:15:00Z,1130.0,0.0,1.93,122.6,77.53,29.28
2020-02-16T03:30:00Z,1110.0,0.0,2.05,150.0,73.0,23.54
2020-02-16T03:45:00Z,1100.0,0.0,2.39,150.0,73.0,21.9
2020-02-16T04:00:00Z,1110.0,0.0,2.35,150.0,73.0,19.89
2020-02-16T04:15:00Z,1070.0,0.0,2.66,146.74,72.25,17.67
2020-02-16T04:30:00Z,1100.0,0.0,2.29,122.0,65.0,15.91
2020-02-16T04:45:00Z,1120.0,0.0,2.5,122.0,65.0,16.63
2020-02-16T05:30:00Z,1060.0,0.0,2.92,149.0,75.0,31.64
2020-02-16T05:45:00Z,1030.0,0.0,3.76,149.0,75.0,24.47
2020-02-16T06:15:00Z,1080.0,0.0,2.69,148.3,74.53,24.32
2020-02-16T06:30:00Z,1090.0,0.0,2.7,143.0,70.0,22.83
2020-02-16T06:45:00Z,1080.0,0.0,2.82,143.0,70.0,20.8
2020-02-16T07:15:00Z,1070.0,0.0,2.45,141.13,68.51,20.37
2020-02-16T07:30:00Z,1070.0,0.02,3.25,127.0,54.0,22.9
2020-02-16T07:45:00Z,1080.0,0.45,2.58,127.0,54.0,21.17
2020-02-16T08:15:00Z,1050.0,0.0,2.67,126.53,52.88,21.04
2020-02-16T08:30:00Z,1040.0,0.0,2.59,123.0,42.0,28.56
2020-02-16T08:45:00Z,1060.0,0.03,3.68,123.0,42.0,28.72
2020-02-16T09:00:00Z,1060.0,0.01,2.84,123.0,42.0,25.23
2020-02-16T09:15:00Z,1070.0,0.0,2.42,123.11,41.61,23.14
2020-02-16T09:45:00Z,1080.0,0.0,1.87,124.0,38.0,25.73
2020-02-16T10:15:00Z,1110.0,0.0,1.59,123.65,37.81,26.18
2020-02-16T11:00:00Z,1120.0,0.52,1.54,121.0,36.0,11.89
2020-02-16T11:15:00Z,1110.0,1.12,1.76,123.67,36.93,17.01
2020-02-16T11:30:00Z,1070.0,0.31,2.2,144.0,46.0,25.14
2020-02-16T11:45:00Z,1130.0,3.2,4.3,144.0,46.0,27.18
2020-02-16T12:15:00Z,1150.0,14.53,10.51,147.37,46.18,22.12
2020-02-16T12:30:00Z,1200.0,23.78,9.52,173.0,48.0,25.36
2020-02-16T12:45:00Z,1190.0,28.92,6.28,173.0,48.0,24.86
2020-02-16T13:00:00Z,1190.0,17.8,7.44,173.0,48.0,20.76
2020-02-16T13:15:00Z,1220.0,9.28,6.27,175.9,48.37,19.6
2020-02-16T13:30:00Z,1190.0,14.35,4.73,198.0,52.0,15.5
2020-02-16T13:45:00Z,1170.0,20.78,3.69,198.0,52.0,15.42
2020-02-16T14:00:00Z,1210.0,15.5,4.5,198.0,52.0,14.6
2020-02-16T14:15:00Z,1200.0,14.05,4.44,190.55,52.27,14.15
2020-02-16T15:00:00Z,1170.0,6.85,2.91,134.0,55.0,21.39
2020-02-16T15:15:00Z,1170.0,0.8,4.37,129.46,55.0,22.67
2020-02-16T15:30:00Z,1200.0,0.42,3.49,95.0,55.0,23.65
2020-02-16T15:45:00Z,1210.0,0.59,2.42,95.0,55.0,23.59
2020-02-16T16:00:00Z,1230.0,3.24,1.44,95.0,55.0,21.13
2020-02-16T16:15:00Z,1240.0,4.83,1.52,99.53,55.55,21.64
2020-02-16T16:30:00Z,1270.0,0.56,1.68,134.0,61.0,21.61
2020-02-16T16:45:00Z,1290.0,1.35,1.9,134.0,61.0,22.19
2020-02-16T17:15:00Z,1370.0,0.0,0.65,133.3,64.62,24.26
2020-02-16T17:30:00Z,1330.0,0.0,1.27,128.0,100.0,23.8
2020-02-16T17:45:00Z,1300.0,0.0,1.56,128.0,100.0,23.29
2020-02-16T18:00:00Z,1320.0,0.0,1.84,128.0,100.0,22.1
2020-02-16T18:30:00Z,1340.0,0.0,1.23,120.0,84.0,22.06
2020-02-16T19:00:00Z,1300.0,0.0,1.78,120.0,84.0,22.07
2020-02-16T19:15:00Z,1290.0,0.0,1.68,117.61,82.9,21.78
2020-02-16T19:45:00Z,1280.0,0.0,1.22,99.0,72.0,22.31
2020-02-16T20:00:00Z,1270.0,0.0,1.37,99.0,72.0,20.92
2020-02-16T20:15:00Z,1230.0,0.0,1.37,97.13,71.34,22.15
2020-02-16T20:45:00Z,1230.0,1.13,1.93,83.0,65.0,18.84
2020-02-16T21:15:00Z,1180.0,0.0,1.74,82.53,64.06,17.12
2020-02-16T21:30:00Z,1180.0,0.0,1.78,79.0,55.0,18.92
2020-02-16T21:45:00Z,1140.0,0.0,2.08,79.0,55.0,20.23
2020-02-16T22:00:00Z,1110.0,0.0,1.47,79.0,55.0,21.55
2020-02-16T22:15:00Z,1110.0,0.0,1.76,78.53,54.72,20.77
2020-02-16T22:30:00Z,1120.0,0.0,2.04,75.0,52.0,19.71
2020-02-16T23:15:00Z,1110.0,0.0,1.33,76.16,52.95,19.93
2020-02-17T01:15:00Z,1070.0,0.0,1.59,102.3,67.06,17.71
2020-02-17T01:45:00Z,1100.0,0.0,1.16,97.0,58.0,13.84
2020-02-17T02:15:00Z,1120.0,0.0,1.29,99.32,58.74,13.9
2020-02-17T02:30:00Z,1120.0,0.0,2.89,117.0,66.0,11.61
2020-02-17T02:45:00Z,1090.0,0.0,1.41,117.0,66.0,15.1
2020-02-17T03:15:00Z,1140.0,0.12,1.68,120.13,66.18,5.47
2020-02-17T04:15:00Z,1040.0,11.15,15.55,140.51,66.79,25.61
2020-02-17T04:30:00Z,1060.0,3.26,18.84,114.0,55.0,16.28
2020-02-17T07:15:00Z,1090.0,21.28,34.49,112.76,52.09,15.61
2020-02-17T07:30:00Z,1170.0,40.32,31.95,111.0,53.0,10.53
2020-02-17T07:45:00Z,1130.0,25.09,30.51,111.0,53.0,13.89
2020-02-17T08:15:00Z,1160.0,42.98,27.57,118.32,53.74,24.3
2020-02-17T08:30:00Z,1160.0,30.27,28.82,174.0,61.0,34.32
2020-02-17T08:45:00Z,1130.0,22.37,31.5,174.0,61.0,40.26
2020-02-17T09:00:00Z,1120.0,36.7,29.67,174.0,61.0,29.61
2020-02-17T09:15:00Z,1160.0,37.43,25.71,172.6,60.25,23.74
2020-02-17T09:30:00Z,1190.0,40.99,24.02,162.0,53.0,21.85
2020-02-17T11:45:00Z,1430.0,64.65,24.82,192.0,60.0,27.93
2020-02-17T12:00:00Z,1460.0,70.84,21.82,192.0,60.0,22.59
2020-02-17T12:45:00Z,1580.0,81.13,11.8,188.0,52.0,21.09
2020-02-17T13:30:00Z,1750.0,81.24,6.16,226.0,64.0,17.66
2020-02-17T14:00:00Z,1730.0,74.76,3.83,226.0,64.0,15.91
2020-02-17T14:15:00Z,1650.0,58.55,5.43,220.53,63.72,15.28
2020-02-17T14:30:00Z,1670.0,53.22,4.27,179.0,61.0,14.68
2020-02-17T15:15:00Z,1930.0,74.39,1.57,182.6,61.55,20.85
2020-02-17T15:30:00Z,1860.0,66.83,1.91,210.0,67.0,23.72
2020-02-17T15:45:00Z,1830.0,46.9,2.63,210.0,67.0,23.58
2020-02-17T16:00:00Z,1820.0,47.93,0.88,210.0,67.0,23.91
2020-02-17T17:00:00Z,1870.0,26.85,1.22,159.0,73.0,18.91
2020-02-17T17:15:00Z,1940.0,23.34,1.73,163.76,77.83,18.6
2020-02-17T17:30:00Z,1890.0,23.07,0.95,200.0,125.0,18.05
2020-02-17T17:45:00Z,1900.0,22.16,1.05,200.0,125.0,20.93
2020-02-17T18:45:00Z,1860.0,1.37,3.59,177.0,114.0,20.47
2020-02-17T19:00:00Z,1840.0,0.78,5.05,177.0,114.0,22.44
2020-02-17T19:45:00Z,1780.0,0.0,6.92,112.0,89.0,25.29
2020-02-17T20:00:00Z,1720.0,0.0,6.74,112.0,89.0,25.23
2020-02-17T20:15:00Z,1700.0,0.0,5.83,112.0,89.37,26.03
2020-02-17T20:45:00Z,1690.0,0.0,3.13,112.0,93.0,24.63
2020-02-17T22:30:00Z,1480.0,0.0,2.88,98.0,88.0,17.93
2020-02-17T22:45:00Z,1500.0,0.0,2.94,98.0,88.0,21.2
2020-02-17T23:00:00Z,1510.0,0.0,1.71,98.0,88.0,24.1
2020-02-17T23:30:00Z,1440.0,0.0,2.37,87.0,78.0,21.57
2020-02-17T23:45:00Z,1430.0,0.0,2.73,87.0,78.0,26.59
2020-02-18T00:30:00Z,1400.0,0.0,3.45,101.0,77.0,17.53
2020-02-18T01:00:00Z,1290.0,0.02,4.44,101.0,77.0,16.18
2020-02-18T01:45:00Z,1350.0,11.96,5.19,97.0,54.0,23.42
2020-02-18T02:00:00Z,1370.0,5.15,5.76,97.0,54.0,27.22
2020-02-18T02:30:00Z,1370.0,24.72,7.84,126.0,65.0,33.31
2020-02-18T03:00:00Z,1280.0,12.88,13.74,126.0,65.0,33.13
2020-02-18T03:15:00Z,1290.0,4.87,15.74,125.88,64.2,33.34
2020-02-18T03:30:00Z,1220.0,8.49,19.14,125.0,58.0,30.14
2020-02-18T04:00:00Z,1270.0,3.82,24.54,125.0,58.0,26.96
2020-02-18T05:00:00Z,1250.0,4.33,34.39,99.0,50.0,29.46
2020-02-18T05:15:00Z,1220.0,7.13,30.53,99.23,49.62,26.96
2020-02-18T05:30:00Z,1210.0,14.81,28.78,101.0,46.0,22.09
2020-02-18T05:45:00Z,1240.0,20.25,32.9,101.0,46.0,21.42
2020-02-18T06:15:00Z,1160.0,24.71,30.5,100.65,45.9,19.31
2020-02-18T06:45:00Z,1150.0,8.68,35.3,98.0,45.0,17.68
2020-02-18T07:00:00Z,1040.0,8.62,38.85,98.0,45.0,17.1
2020-02-18T07:15:00Z,1080.0,18.47,35.7,97.3,45.0,18.04
2020-02-18T07:45:00Z,1030.0,22.55,37.11,92.0,45.0,19.93
2020-02-18T08:15:00Z,1080.0,19.88,40.56,90.95,44.34,19.1
2020-02-18T09:00:00Z,1140.0,47.99,25.75,83.0,38.0,21.95
2020-02-18T09:15:00Z,1170.0,36.31,25.42,90.79,39.02,22.31
2020-02-18T10:30:00Z,1260.0,36.02,33.8,139.0,52.0,26.69
2020-02-18T10:45:00Z,1280.0,13.95,38.93,139.0,52.0,24.47
2020-02-18T11:00:00Z,1240.0,36.4,33.35,139.0,52.0,21.84
2020-02-18T11:15:00Z,1310.0,60.72,26.2,140.51,51.81,20.69
2020-02-18T11:30:00Z,1290.0,26.63,27.12,152.0,50.0,17.72
2020-02-18T12:00:00Z,1400.0,36.97,29.81,152.0,50.0,18.71
2020-02-18T12:30:00Z,1550.0,48.04,21.69,181.0,50.0,18.08
2020-02-18T12:45:00Z,1520.0,60.73,19.8,181.0,50.0,11.61
2020-02-18T13:30:00Z,1620.0,66.94,13.1,202.0,61.0,4.54
2020-02-18T13:45:00Z,1560.0,50.78,15.07,202.0,61.0,18.78
2020-02-18T14:00:00Z,1540.0,42.2,19.2,202.0,61.0,24.02
2020-02-18T14:15:00Z,1560.0,44.11,16.42,195.37,60.33,33.91
2020-02-18T14:30:00Z,1550.0,72.05,7.22,145.0,54.0,9.12
2020-02-18T14:45:00Z,1490.0,40.27,9.02,145.0,54.0,2.13
2020-02-18T15:00:00Z,1480.0,45.09,7.76,145.0,54.0,3.8
2020-02-18T15:15:00Z,1580.0,60.36,2.39,147.9,55.42,5.43
2020-02-18T15:45:00Z,1600.0,25.3,3.23,170.0,69.0,15.99
2020-02-18T16:15:00Z,1680.0,30.47,2.34,173.02,70.42,19.74
2020-02-18T17:15:00Z,1740.0,29.16,1.95,191.34,84.95,15.38
2020-02-18T18:00:00Z,1760.0,23.95,1.34,156.0,94.0,22.69
2020-02-18T23:30:00Z,1570.0,1.07,3.58,265.0,259.0,26.78
2020-02-19T00:15:00Z,1460.0,0.0,3.87,264.31,256.02,20.95
2020-02-19T00:30:00Z,1480.0,0.49,3.96,260.0,227.0,20.94
2020-02-19T02:15:00Z,1640.0,21.27,5.12,259.4,210.81,24.13
2020-02-19T03:00:00Z,1540.0,30.97,6.6,325.0,248.0,27.71
2020-02-19T04:30:00Z,1500.0,28.23,16.15,180.0,124.0,21.64
2020-02-19T05:30:00Z,1400.0,12.63,28.36,133.0,80.0,27.47
2020-02-19T06:15:00Z,1380.0,22.52,32.14,130.61,77.58,20.58
2020-02-19T06:30:00Z,1310.0,18.25,38.27,112.0,54.0,15.27
2020-02-19T07:00:00Z,1260.0,16.72,35.53,112.0,54.0,11.93
2020-02-19T07:15:00Z,1260.0,3.29,38.76,110.97,58.09,10.11
2020-02-19T07:45:00Z,1210.0,16.29,35.37,103.0,98.0,13.87
2020-02-19T08:15:00Z,1160.0,9.21,44.29,102.3,93.53,22.47
2020-02-19T08:30:00Z,1190.0,27.85,38.29,97.0,50.0,25.01
2020-02-19T08:45:00Z,1260.0,35.9,47.81,97.0,50.0,29.57
2020-02-19T09:15:00Z,1320.0,43.43,39.13,103.51,50.65,28.02
2020-02-19T10:00:00Z,1290.0,36.4,38.28,153.0,57.0,26.86
2020-02-19T10:15:00Z,1340.0,40.06,39.16,152.76,56.81,27.88
2020-02-19T11:00:00Z,1420.0,62.91,30.41,151.0,55.0,27.6
2020-02-19T12:45:00Z,1650.0,71.76,15.87,164.0,61.0,21.71
2020-02-19T13:15:00Z,2120.0,58.7,15.24,173.2,68.16,20.2
2020-02-19T13:45:00Z,1910.0,65.08,6.3,245.0,138.0,20.25
2020-02-19T14:30:00Z,1860.0,44.29,5.64,165.0,72.0,19.33
2020-02-19T15:00:00Z,1770.0,42.43,5.65,165.0,72.0,18.19
2020-02-19T15:15:00Z,1860.0,33.34,4.62,164.31,71.42,18.84
2020-02-19T15:30:00Z,1890.0,44.65,5.88,159.0,66.0,22.4
2020-02-19T15:45:00Z,1830.0,37.89,6.39,159.0,66.0,24.95
2020-02-19T16:15:00Z,1810.0,33.12,3.19,155.39,66.93,29.04
2020-02-19T16:30:00Z,1940.0,30.48,2.63,128.0,76.0,28.07
2020-02-19T17:00:00Z,1840.0,15.27,2.89,128.0,76.0,27.36
2020-02-19T17:15:00Z,1840.0,15.9,1.71,132.54,79.62,29.98
2020-02-19T17:30:00Z,1810.0,20.17,1.89,168.0,115.0,28.13
2020-02-19T17:45:00Z,1800.0,11.89,2.18,168.0,115.0,29.3
2020-02-19T18:00:00Z,1800.0,7.59,2.73,168.0,115.0,26.92
2020-02-19T20:15:00Z,1620.0,0.0,8.36,124.81,99.27,22.63
2020-02-19T20:30:00Z,1590.0,0.0,7.58,100.0,84.0,20.81
2020-02-19T21:30:00Z,1510.0,0.0,3.76,115.0,89.0,22.39
2020-02-19T22:15:00Z,1450.0,1.25,3.85,112.44,87.32,23.67
2020-02-19T22:30:00Z,1440.0,0.0,5.52,93.0,71.0,24.33
2020-02-20T00:30:00Z,1360.0,0.0,7.01,94.0,68.0,23.14
2020-02-20T00:45:00Z,1390.0,0.0,6.13,94.0,68.0,22.03
2020-02-20T01:00:00Z,1370.0,6.61,7.3,94.0,68.0,21.82
2020-02-20T01:30:00Z,1360.0,8.73,6.84,106.0,70.0,22.22
2020-02-20T02:00:00Z,1360.0,15.58,8.06,106.0,70.0,22.58
2020-02-20T02:15:00Z,1320.0,10.82,8.38,107.27,69.16,22.48
2020-02-20T02:30:00Z,1340.0,14.72,8.26,117.0,61.0,22.53
2020-02-20T02:45:00Z,1370.0,7.66,10.74,117.0,61.0,22.4
2020-02-20T03:00:00Z,1350.0,5.85,12.96,117.0,61.0,21.96
2020-02-20T04:00:00Z,1290.0,11.45,23.1,107.0,60.0,23.42
2020-02-20T05:45:00Z,1270.0,13.5,34.01,93.0,44.0,21.72
2020-02-20T06:15:00Z,1240.0,16.89,33.52,93.69,43.62,22.25
2020-02-20T06:45:00Z,1180.0,16.93,37.71,99.0,40.0,24.71
2020-02-20T07:15:00Z,1230.0,19.01,47.1,95.62,40.09,18.45
2020-02-20T09:15:00Z,1270.0,45.56,35.28,136.93,51.65,21.1
2020-02-20T09:45:00Z,1290.0,38.9,33.13,144.0,58.0,22.12
2020-02-20T10:00:00Z,1210.0,35.5,33.27,144.0,58.0,21.32
2020-02-20T11:15:00Z,1330.0,40.34,37.63,144.79,48.37,27.35
2020-02-20T11:45:00Z,1380.0,25.41,34.69,128.0,52.0,24.95
2020-02-20T12:45:00Z,1630.0,63.28,15.6,147.0,57.0,21.38
2020-02-20T13:30:00Z,1680.0,39.17,19.43,155.0,61.0,20.99
2020-02-20T13:45:00Z,1660.0,44.55,11.92,155.0,61.0,21.71
2020-02-20T14:15:00Z,1690.0,36.31,10.06,154.88,60.62,20.4
2020-02-20T14:45:00Z,1620.0,41.89,9.56,154.0,57.0,21.08
2020-02-20T16:00:00Z,1550.0,16.95,5.88,126.0,56.0,17.5
2020-02-20T16:45:00Z,1620.0,7.86,3.83,134.0,74.0,22.47
2020-02-20T17:15:00Z,1580.0,11.08,5.85,133.3,74.93,21.57
